cycle,time_ns,rst_n,clear,source_valid,source_ready,source_idx,source_data,y_valid,y_ready,y_idx,y_data,frame_valid,frame_ready,frame_idx,window_valid,window_ready,window_frame_idx,window_item_idx,fft_valid,fft_ready,fft_frame_idx,fft_item_idx,canon_valid,canon_ready,canon_frame_idx,canon_item_idx,mask_valid,mask_ready,mask_frame_idx,mask_item_idx,spec_valid,spec_ready,spec_frame_idx,spec_item_idx,ifft_valid,ifft_ready,ifft_frame_idx,ifft_item_idx,wola_valid,wola_ready,wola_frame_idx,wola_item_idx,fft_state,fft_stage,fft_engine_frame,ifft_state,ifft_stage,ifft_engine_frame,wola_state,top_done,top_busy,core_busy,frame_boundary,tail_drain_accept
52379,1047730.0,1,0,1,0,1025,0,0,1,597,598,0,0,7,1,0,7,0,0,0,6,0,0,1,5,47,1,1,5,46,0,1,5,45,0,0,5,0,0,1,4,598,4,3,6,1,0,5,4,0,1,1,0,0
52380,1047750.0,1,0,1,0,1025,0,1,1,598,482,0,0,7,1,0,7,0,0,0,6,0,0,1,5,47,0,1,5,46,1,1,5,46,0,0,5,0,1,1,4,599,4,3,6,1,0,5,3,0,1,1,0,0
52381,1047770.0,1,0,1,0,1025,0,0,1,598,482,0,0,7,1,0,7,0,0,0,6,0,0,1,5,47,0,1,5,46,0,1,5,46,0,0,5,0,0,1,4,599,2,3,6,1,0,5,4,0,1,1,0,0
52382,1047790.0,1,0,1,0,1025,0,1,1,599,274,0,0,7,1,0,7,0,0,0,6,0,1,1,5,47,0,1,5,46,0,1,5,46,0,0,5,0,1,1,4,600,3,3,6,1,0,5,3,0,1,1,0,0
52383,1047810.0,1,0,1,0,1025,0,0,1,599,274,0,0,7,1,0,7,0,0,0,6,0,0,1,5,48,1,1,5,47,0,1,5,46,0,0,5,0,0,1,4,600,4,3,6,1,0,5,4,0,1,1,0,0
52384,1047830.0,1,0,1,0,1025,0,1,0,600,11,0,0,7,1,0,7,0,0,0,6,0,0,1,5,48,0,1,5,47,1,1,5,47,0,0,5,0,1,1,4,601,4,3,6,1,0,5,3,0,1,1,0,0
52385,1047850.0,1,0,1,0,1025,0,1,0,600,11,0,0,7,1,0,7,0,0,0,6,0,0,1,5,48,0,1,5,47,0,1,5,47,0,0,5,0,0,0,4,601,4,3,6,1,0,5,4,0,1,1,0,0
52386,1047870.0,1,0,1,0,1025,0,1,0,600,11,0,0,7,1,0,7,0,0,0,6,0,1,1,5,48,0,1,5,47,0,1,5,47,0,0,5,0,1,0,4,602,4,3,6,1,0,5,3,0,1,1,0,0
52387,1047890.0,1,0,1,0,1025,0,1,0,600,11,0,0,7,1,0,7,0,0,0,6,0,0,1,5,49,1,1,5,48,0,1,5,47,0,0,5,0,1,0,4,602,4,3,6,1,0,5,3,0,1,1,0,0
52388,1047910.0,1,0,1,0,1025,0,1,0,600,11,0,0,7,1,0,7,0,0,0,6,0,0,1,5,49,0,1,5,48,1,1,5,48,0,0,5,0,1,0,4,602,2,3,6,1,0,5,3,0,1,1,0,0
52389,1047930.0,1,0,1,0,1025,0,1,0,600,11,0,0,7,1,0,7,0,0,0,6,0,0,1,5,49,0,1,5,48,0,1,5,48,0,0,5,0,1,0,4,602,3,3,6,1,0,5,3,0,1,1,0,0
52390,1047950.0,1,0,1,0,1025,0,1,0,600,11,0,0,7,1,0,7,0,0,0,6,0,1,1,5,49,0,1,5,48,0,1,5,48,0,0,5,0,1,0,4,602,4,3,6,1,0,5,3,0,1,1,0,0
52391,1047970.0,1,0,1,0,1025,0,1,0,600,11,0,0,7,1,0,7,0,0,0,6,0,0,1,5,50,1,1,5,49,0,1,5,48,0,0,5,0,1,0,4,602,4,3,6,1,0,5,3,0,1,1,0,0
52392,1047990.0,1,0,1,0,1025,0,1,1,600,11,0,0,7,1,0,7,0,0,0,6,0,0,1,5,50,0,1,5,49,1,1,5,49,0,0,5,0,1,1,4,602,4,3,6,1,0,5,3,0,1,1,0,0
52393,1048010.0,1,0,1,0,1025,0,1,1,601,-255,0,0,7,1,0,7,0,0,0,6,0,0,1,5,50,0,1,5,49,0,1,5,49,0,0,5,0,0,1,4,602,4,3,6,1,0,5,4,0,1,1,0,0
52394,1048030.0,1,0,1,0,1025,0,1,1,602,-472,0,0,7,1,0,7,0,0,0,6,0,1,1,5,50,0,1,5,49,0,1,5,49,0,0,5,0,1,1,4,603,4,3,6,1,0,5,3,0,1,1,0,0
52395,1048050.0,1,0,1,0,1025,0,0,1,602,-472,0,0,7,1,0,7,0,0,0,6,0,0,1,5,51,1,1,5,50,0,1,5,49,0,0,5,0,0,1,4,603,2,3,6,1,0,5,4,0,1,1,0,0
52396,1048070.0,1,0,1,0,1025,0,1,1,603,-601,0,0,7,1,0,7,0,0,0,6,0,0,1,5,51,0,1,5,50,1,1,5,50,0,0,5,0,1,1,4,604,3,3,6,1,0,5,3,0,1,1,0,0
52397,1048090.0,1,0,1,0,1025,0,0,1,603,-601,0,0,7,1,0,7,0,0,0,6,0,0,1,5,51,0,1,5,50,0,1,5,50,0,0,5,0,0,1,4,604,4,3,6,1,0,5,4,0,1,1,0,0
52398,1048110.0,1,0,1,0,1025,0,1,1,604,-618,0,0,7,1,0,7,0,0,0,6,0,1,1,5,51,0,1,5,50,0,1,5,50,0,0,5,0,1,1,4,605,4,3,6,1,0,5,3,0,1,1,0,0
52399,1048130.0,1,0,1,0,1025,0,0,1,604,-618,0,0,7,1,0,7,0,0,0,6,0,0,1,5,52,1,1,5,51,0,1,5,50,0,0,5,0,0,1,4,605,4,3,6,1,0,5,4,0,1,1,0,0
52400,1048150.0,1,0,1,0,1025,0,1,0,605,-524,0,0,7,1,0,7,0,0,0,6,0,0,1,5,52,0,1,5,51,1,1,5,51,0,0,5,0,1,1,4,606,4,3,6,1,0,5,3,0,1,1,0,0
52401,1048170.0,1,0,1,0,1025,0,1,0,605,-524,0,0,7,1,0,7,0,0,0,6,0,0,1,5,52,0,1,5,51,0,1,5,51,0,0,5,0,0,0,4,606,4,3,6,1,0,5,4,0,1,1,0,0
52402,1048190.0,1,0,1,0,1025,0,1,0,605,-524,0,0,7,1,0,7,0,0,0,6,0,1,1,5,52,0,1,5,51,0,1,5,51,0,0,5,0,1,0,4,607,2,3,6,1,0,5,3,0,1,1,0,0
52403,1048210.0,1,0,1,0,1025,0,1,1,605,-524,0,0,7,1,0,7,0,0,0,6,0,0,1,5,53,1,1,5,52,0,1,5,51,0,0,5,0,1,1,4,607,3,3,6,1,0,5,3,0,1,1,0,0
52404,1048230.0,1,0,1,0,1025,0,1,1,606,-342,0,0,7,1,0,7,0,0,0,6,0,0,1,5,53,0,1,5,52,1,1,5,52,0,0,5,0,0,1,4,607,4,3,6,1,0,5,4,0,1,1,0,0
52405,1048250.0,1,0,1,0,1025,0,1,1,607,-111,0,0,7,1,0,7,0,0,0,6,0,0,1,5,53,0,1,5,52,0,1,5,52,0,0,5,0,1,1,4,608,4,3,6,1,0,5,3,0,1,1,0,0
52406,1048270.0,1,0,1,0,1025,0,0,1,607,-111,0,0,7,1,0,7,0,0,0,6,0,1,1,5,53,0,1,5,52,0,1,5,52,0,0,5,0,0,1,4,608,4,3,6,1,0,5,4,0,1,1,0,0
