source_role,repository_location,sha256,published_copy,copy_transformation
analysis,runs/measurement/20260925_fpga/campaign01/analysis/measurement_analysis.json,dc5583f220f313e65081f794e35f26e43ec32b539566f629897bfd497c30212f,data/measurement_analysis.json,Only sources.path fields made local to data/
meter_csv,runs/measurement/20260925_fpga/campaign01/meter/,28ef62f2f1f71fb5e8a0546287c8a1e897eac09ee96c52b7dc05879a4f3da4d7,data/meter_samples.csv,
campaign_manifest,runs/measurement/20260925_fpga/campaign01/campaign_manifest.json,606c483cd98a7967774f574f9e11665332ae26c1ac6463ab8e9b82b88a46b724,,
capture_summary,runs/measurement/20260925_fpga/campaign01/capture.summary.json,7246a52f8d8d3194eec6c3db089b904691a431b53290360984b6088b7033897d,,
device_metadata,runs/measurement/20260925_fpga/campaign01/meter/,83ef46776a79ef97e1736c8a2ddb781f0a76eced01c5717426af6e51a4dd6f93,,
clock_sync,runs/measurement/20260925_fpga/campaign01/meter/,eb66231bc7b2dd0ac687e37a8646a513f1d2c5ad0650c4c083108a444b41ba6a,data/clock_sync.jsonl,
trial_events,runs/measurement/20260925_fpga/campaign01/trials.json,040735a1138556fe2fc6461ecaf77aac23fdf38047e0d949dbb425a9924b62d6,data/trial_events.json,
reference_manifest,artifacts/measurement/multitone/manifest.json,8f990825b5045210810e98e18cefa3ab90fc5802cf03c099228efb0ffbb3f1cf,,
program_manifest,runs/measurement/20260925_fpga/program_manifest.json,bd5a9c9e2baaf5018a86bf745b12ec67b15be608a35e26ddf1ac02146faa0047,,
build_admission,runs/measurement/20260925_fpga/build_admission.json,4cf28f8cd672eaf3affe5106f31aa7cad828383f83839f547bcdd98f2fec6dde,,
build_receipt,runs/measurement/20260925_fpga/build02/build_receipt.json,e003d5d7fa6af3c4855ee4bb634b0a282436e308f2032721bc7c265cce1cc89e,,
fit_summary,runs/measurement/20260925_fpga/build02/output_files/trecap_measurement.fit.summary,3ff2ef1691e578c2bb0b8fe56e7c07e8ceb9ad267c3d3783da81a5c8a1a1265f,,
timing_corners,runs/measurement/20260925_fpga/build02/timing_gate/corners.csv,01a3596c398a44a6eee5c5de087dc0b516c426e99dc20048887caba07703cbc9,,
simulation_qualification,runs/measurement/20260925_fpga/simulation_04/qualification.json,6335bcc6b524645e551957e439607a71473d3a4ac8e44f6c394276affe0f208c,,
simulation_log,runs/measurement/20260925_fpga/simulation_04/simulate.stdout.log,4c987542b0ed785961f5dcf47c9ebec97bec5e326dbb8add01a9acffef20b965,,
board_trial_comparison.png,runs/measurement/20260925_fpga/campaign01/analysis/board_trial_comparison.png,9eb9674da8ef17f834b648d05da89f0f40fa5d15ab1ad8cb05e1e388ab0b1c43,board_trial_comparison.png,
board_trial_comparison.pdf,runs/measurement/20260925_fpga/campaign01/analysis/board_trial_comparison.pdf,00251ae7d6e7a35ad7e4e59b77227c309b095666a7ce219f6a3541dac76e4cac,board_trial_comparison.pdf,
