trial_id,pair_id,condition,threshold2,epochs,cycles,nominal_duration_s,inputs,outputs,frames,mismatches,interior_board_power_W,interior_power_timing_lower_W,interior_power_timing_upper_W,batch_energy_interpolated_J,batch_energy_timing_lower_J,batch_energy_timing_upper_J,board_uJ_per_input_interpolated
trial_001,1,dense,0,16384,1444053378,28.88106756,16777216,25165824,147456,0,6.506214859575983,6.493318837925315,6.519136287111728,187.8955624394996,186.10650000000004,189.3272,11.199448254078602
trial_002,1,masked,100000000000,16384,1444053378,28.88106756,16777216,25165824,147456,0,6.504361186612432,6.491489548169305,6.517258100536043,187.86321946095865,186.67380000000003,189.27380000000005,11.197520462331692
trial_003,2,masked,100000000000,16384,1444053378,28.88106756,16777216,25165824,147456,0,6.505123539586504,6.492206200239469,6.518066420530376,187.87244729632323,186.04780000000005,189.29599999999994,11.198070484180644
trial_004,2,dense,0,16384,1444053378,28.88106756,16777216,25165824,147456,0,6.506336039246309,6.493442143974057,6.519255326788258,187.89978375156068,186.08179999999993,189.3298000000001,11.19969986388449
trial_005,3,dense,0,16384,1444053378,28.88106756,16777216,25165824,147456,0,6.506054107912573,6.493195550955193,6.518937849391639,187.90693333136005,186.72260000000006,189.32400000000007,11.200126012048724
trial_006,3,masked,100000000000,16384,1444053378,28.88106756,16777216,25165824,147456,0,6.50434337698875,6.4908606479346584,6.517855128063752,187.86523045712124,186.0393999999999,189.2876000000001,11.197640327043608
trial_007,4,masked,100000000000,16384,1444053378,28.88106756,16777216,25165824,147456,0,6.504093790148958,6.491187958690522,6.517025102708721,187.88468913796873,186.01600000000008,189.26440000000002,11.19880015480332
trial_008,4,dense,0,16384,1444053378,28.88106756,16777216,25165824,147456,0,6.506731884057982,6.4938254401459545,6.519663791852834,187.89397407079719,186.08939999999984,189.34079999999994,11.199353579926322
trial_009,5,dense,0,16384,1444053378,28.88106756,16777216,25165824,147456,0,6.507564352704814,6.4946679769790405,6.52048612576933,187.9466061464916,186.1156000000001,189.3699999999999,11.202490696101881
trial_010,5,masked,100000000000,16384,1444053378,28.88106756,16777216,25165824,147456,0,6.505375857102746,6.49248391090005,6.518293191552639,187.88659823032822,186.05099999999993,189.94900000000007,11.198913945575251
trial_011,6,masked,100000000000,16384,1444053378,28.88106756,16777216,25165824,147456,0,6.504855072463767,6.491975849799661,6.51775961179274,187.87125069890863,186.04300000000012,189.288,11.197999161416806
trial_012,6,dense,0,16384,1444053378,28.88106756,16777216,25165824,147456,0,6.506631721070612,6.4937720225193365,6.519516606379477,187.91311145475265,186.74000000000024,189.94399999999996,11.200494256898919
