condition,threshold2,trial,epochs,input_samples,output_samples,frames,wall_ns,wall_ms,thread_cpu_ns,useful_inputs_per_s,arm_wall_over_fpga_nominal_time,full_output_checked
dense,0,1,1,1024,1536,9,2374140,2.37414,2379620,431314.0758337756,1.3409583841670056,True
dense,0,2,1,1024,1536,9,2368640,2.36864,2379970,432315.59038097813,1.3378518819755094,True
dense,0,3,1,1024,1536,9,2366800,2.3668,2370720,432651.68159540306,1.3368126157878089,True
dense,0,4,1,1024,1536,9,2379040,2.37904,2382700,430425.7179366468,1.3437259952103382,True
dense,0,5,1,1024,1536,9,2378540,2.37854,2382430,430516.19901283976,1.3434435859202025,True
dense,0,6,1,1024,1536,9,2360340,2.36034,2363760,433835.8033164714,1.3331638877592515,True
dense,0,7,1,1024,1536,9,2372110,2.37211,2378160,431683.1850124994,1.3398118024490535,True
dense,0,8,1,1024,1536,9,2366880,2.36688,2370850,432637.05806800514,1.3368578012742307,True
dense,0,9,1,1024,1536,9,2364250,2.36425,2367990,433118.32505022734,1.3353723284081154,True
dense,0,10,1,1024,1536,9,2383910,2.38391,2387430,429546.41744025575,1.3464766616962631,True
dense,0,11,1,1024,1536,9,2369160,2.36916,2372430,432220.7026963143,1.3381455876372508,True
dense,0,12,1,1024,1536,9,2369070,2.36907,2372840,432237.1225839675,1.3380947539650263,True
dense,0,13,1,1024,1536,9,2368790,2.36879,2372440,432288.2146581166,1.3379366047625503,True
dense,0,14,1,1024,1536,9,2367520,2.36752,2371050,432520.1054267757,1.3372192851656046,True
dense,0,15,1,1024,1536,9,2384250,2.38425,2388070,429485.16304917686,1.3466687000135558,True
dense,0,16,1,1024,1536,9,2378340,2.37834,2381960,430552.40209557925,1.3433306222041481,True
dense,0,17,1,1024,1536,9,2370600,2.3706,2374080,431958.154053826,1.3389589263928425,True
dense,0,18,1,1024,1536,9,2374160,2.37416,2377970,431310.4424301647,1.3409696805386109,True
dense,0,19,1,1024,1536,9,2371230,2.37123,2374880,431843.38929585065,1.339314762098414,True
dense,0,20,1,1024,1536,9,2370460,2.37046,2374280,431983.66561764386,1.3388798517916045,True
dense,0,21,1,1024,1536,9,2391480,2.39148,2395340,428186.72955659253,1.3507523383489224,True
dense,0,22,1,1024,1536,9,2372940,2.37294,2376310,431532.19213296584,1.340280601870679,True
dense,0,23,1,1024,1536,9,2371760,2.37176,2375410,431746.8883866833,1.3396141159459583,True
dense,0,24,1,1024,1536,9,2370490,2.37049,2374310,431978.1986002894,1.3388967963490128,True
dense,0,25,1,1024,1536,9,2373970,2.37397,2377630,431344.96223625407,1.3408623650083593,True
dense,0,26,1,1024,1536,9,2373370,2.37337,2378850,431454.00843526295,1.340523473860196,True
dense,0,27,1,1024,1536,9,2385300,2.3853,2388870,429296.10531170084,1.347261759522841,True
dense,0,28,1,1024,1536,9,2369210,2.36921,2372770,432211.58107554837,1.3381738285662643,True
dense,0,29,1,1024,1536,9,2369370,2.36937,2372990,432182.3944761688,1.338264199539108,True
dense,0,30,1,1024,1536,9,2375150,2.37515,2378800,431130.665431657,1.3415288509330803,True
masked,100000000000,1,1,1024,1536,9,2322210,2.32221,2327550,440959.25863724644,1.3116273552934798,True
masked,100000000000,2,1,1024,1536,9,2323390,2.32339,2327770,440735.3048777864,1.3122938412182006,True
masked,100000000000,3,1,1024,1536,9,2342840,2.34284,2346450,437076.3688514794,1.3232795626044913,True
masked,100000000000,4,1,1024,1536,9,2321610,2.32161,2325020,441073.22073905607,1.3112884641453166,True
masked,100000000000,5,1,1024,1536,9,2319730,2.31973,2323840,441430.6837433667,1.310226605214405,True
masked,100000000000,6,1,1024,1536,9,2322510,2.32251,2326250,440902.29966717045,1.3117968008675611,True
masked,100000000000,7,1,1024,1536,9,2321540,2.32154,2325210,441086.5201547249,1.3112489268446976,True
masked,100000000000,8,1,1024,1536,9,2330980,2.33098,2334690,439300.2084959974,1.316580814242465,True
masked,100000000000,9,1,1024,1536,9,2335890,2.33589,2339740,438376.8071270479,1.319354073471601,True
masked,100000000000,10,1,1024,1536,9,2317630,2.31763,2321170,441830.6632206176,1.3090404861958338,True
masked,100000000000,11,1,1024,1536,9,2321770,2.32177,2325770,441042.8250860335,1.31137883511816,True
masked,100000000000,12,1,1024,1536,9,2323950,2.32395,2337860,440629.10131457215,1.3126101396231529,True
masked,100000000000,13,1,1024,1536,9,2315780,2.31578,2319650,442183.6271148382,1.3079955718223306,True
masked,100000000000,14,1,1024,1536,9,2331740,2.33174,2335340,439157.02436806844,1.317010076363472,True
masked,100000000000,15,1,1024,1536,9,2322780,2.32278,2326160,440851.0491738348,1.3119493018842348,True
masked,100000000000,16,1,1024,1536,9,2319770,2.31977,2323350,441423.0721149079,1.310249197957616,True
masked,100000000000,17,1,1024,1536,9,2322140,2.32214,2325650,440972.551181238,1.3115878179928606,True
masked,100000000000,18,1,1024,1536,9,2325060,2.32506,2329020,440418.74188193,1.313237088247255,True
masked,100000000000,19,1,1024,1536,9,2342980,2.34298,2346610,437050.25224287016,1.3233586372057293,True
masked,100000000000,20,1,1024,1536,9,2319400,2.3194,2322660,441493.4896956109,1.3100402150829153,True
masked,100000000000,21,1,1024,1536,9,2319930,2.31993,2323670,441392.62822585163,1.3103395689304593,True
masked,100000000000,22,1,1024,1536,9,2321340,2.32134,2325300,441124.52290487394,1.3111359631286432,True
masked,100000000000,23,1,1024,1536,9,2321250,2.32125,2324880,441141.62627894455,1.3110851294564185,True
masked,100000000000,24,1,1024,1536,9,2332800,2.3328,2336480,438957.4759945131,1.3176087840585604,True
masked,100000000000,25,1,1024,1536,9,2318520,2.31852,2322020,441661.0596414954,1.3095431747322759,True
masked,100000000000,26,1,1024,1536,9,2326860,2.32686,2332750,440078.04509080906,1.3142537616917445,True
masked,100000000000,27,1,1024,1536,9,2324930,2.32493,2328660,440443.3681874293,1.3131636618318197,True
masked,100000000000,28,1,1024,1536,9,2323940,2.32394,2327490,440630.99735793524,1.3126044914373503,True
masked,100000000000,29,1,1024,1536,9,2334950,2.33495,2338630,438553.2880789738,1.3188231440061453,True
masked,100000000000,30,1,1024,1536,9,2317850,2.31785,2321250,441788.72662165365,1.3091647462834937,True
