case,vector,THR2,Ns,Ny,D,frames,eligible_suppression_percent,eligible_spectral_mag2_retained_percent,rmse_full_stream_lsb,max_abs_error_lsb,sum_sq_error,input_sha256,output_sha256
multitone_thr2_0,near_threshold_multitone_Ns1024_thr64,0,1024,1536,384,9,0.0,100.0,0.0,0,0,36912af7d556f633a348f0bc294555dd16d1494f540ae542d840071e651b3e9b,718212b1cbb8fca5a60206b6a9d5b39363ae0cee8945ca792b670c035fd34117
multitone_thr2_4096,near_threshold_multitone_Ns1024_thr64,4096,1024,1536,384,9,1.1284722222222223,99.99999999087035,0.0,0,0,36912af7d556f633a348f0bc294555dd16d1494f540ae542d840071e651b3e9b,718212b1cbb8fca5a60206b6a9d5b39363ae0cee8945ca792b670c035fd34117
multitone_thr2_1000000,near_threshold_multitone_Ns1024_thr64,1000000,1024,1536,384,9,47.56944444444444,99.99996019280391,0.04419417382415922,1,3,36912af7d556f633a348f0bc294555dd16d1494f540ae542d840071e651b3e9b,9ba657278b735e3659d9e195b20867059a9e4b5d407e37a7328f48273216ee9f
multitone_thr2_100000000,near_threshold_multitone_Ns1024_thr64,100000000,1024,1536,384,9,72.30902777777777,99.99753572014485,1.2154067391892587,19,2269,36912af7d556f633a348f0bc294555dd16d1494f540ae542d840071e651b3e9b,b4ba6ccdc6cad35991e06e0701fa63aa8150a6b29897344f7d7859ea053d45da
multitone_thr2_1000000000,near_threshold_multitone_Ns1024_thr64,1000000000,1024,1536,384,9,82.03125,99.98388357448675,3.0007594524830985,52,13831,36912af7d556f633a348f0bc294555dd16d1494f540ae542d840071e651b3e9b,bc356555417a1de8a7b79b01fe57e60501429c75b6d7073ffc88a1c52952cd53
multitone_thr2_10000000000,near_threshold_multitone_Ns1024_thr64,10000000000,1024,1536,384,9,87.76041666666667,99.9064540611106,7.14753381127598,104,78470,36912af7d556f633a348f0bc294555dd16d1494f540ae542d840071e651b3e9b,bb5832c65e3c2faac0bcd52f08b0d4afdc0fd08db300ee0f9a5c27629fa685ef
multitone_thr2_100000000000,near_threshold_multitone_Ns1024_thr64,100000000000,1024,1536,384,9,93.05555555555556,99.21089788344555,22.71399967531038,211,792462,36912af7d556f633a348f0bc294555dd16d1494f540ae542d840071e651b3e9b,a966f60ab30759ac64ac440cc893d74782c1020883cb4fa570ddb32ad0081c8a
multitone_thr2_1000000000000,near_threshold_multitone_Ns1024_thr64,1000000000000,1024,1536,384,9,97.04861111111111,95.82306124559109,48.45749587267175,328,3606726,36912af7d556f633a348f0bc294555dd16d1494f540ae542d840071e651b3e9b,bbfa0c598d914b49d80013174a5cbcfd42c3aa0dd7418075efe1052273e1020e
multitone_thr2_10000000000000,near_threshold_multitone_Ns1024_thr64,10000000000000,1024,1536,384,9,99.39236111111111,66.77399769649534,129.55441213299144,616,25780755,36912af7d556f633a348f0bc294555dd16d1494f540ae542d840071e651b3e9b,a4915d0ae10b1c158aa728cac4e7c4041d9417b9ceab4c1104bcdb96ccf5e7da
multitone_thr2_100000000000000,near_threshold_multitone_Ns1024_thr64,100000000000000,1024,1536,384,9,100.0,0.0,304.67236073499237,644,142579580,36912af7d556f633a348f0bc294555dd16d1494f540ae542d840071e651b3e9b,df753f521e19981fdb90966bfecbd3a01b41df2375afb74ad81626772df70423
multitone_thr2_72057594037927935,near_threshold_multitone_Ns1024_thr64,72057594037927935,1024,1536,384,9,100.0,0.0,304.67236073499237,644,142579580,36912af7d556f633a348f0bc294555dd16d1494f540ae542d840071e651b3e9b,df753f521e19981fdb90966bfecbd3a01b41df2375afb74ad81626772df70423
impulse_thr2_0,impulse_Ns1024_thr0,0,1024,1536,384,9,0.0,100.0,0.0,0,0,ba664127051e78535aa77e70d3747e1cfdbb658e3479de6b23740bf09d65b0b1,607bbb9f04d53e20d121aa1b35e140c73ed9eb00260ed22cb38981c4c3eef5d3
zero_thr2_0,zero_Ns4096_thr0,0,4096,4608,384,33,0.0,,0.0,0,0,9024e2856ad4ac8e8f91940331cd492ee792e5d72a380e779b67562ab1227a26,ac450f2a1f94c04e0b50a3641dc7bfffced0f4aa58bed510148e87c11846d7cf
