source_role,sha256
sources_sha256_1,a1a68da9fd1c89985c455bb857c88a5e6755c62bc29806e84e6c6c1fe310a0f9
sources_sha256_2,03e6b2b9ab58ab3a8ca0b60bf2fc36b4053748ce444c0afbcf3088ee1f4d4074
sources_sha256_3,b4c5d692230372f54a665ab4d6fde34a0b076ad07e02be617c9c1ccf92b962c9
sources_sha256_4,7226e892627fe19cbe3000e4b75c9ea5fb68b3814d6edf96dc90c4f25fa63b2d
sources_sha256_5,e767bdb547b648a6cb0dc201986435dbf6a3af91d9bb229dd2e0dffe305546fe
sources_sha256_6,ec67928ff53096af8a1572fa3e78971958f0e425b94e70f19f2e274ce8666992
sources_sha256_7,8f990825b5045210810e98e18cefa3ab90fc5802cf03c099228efb0ffbb3f1cf
sources_sha256_8,718212b1cbb8fca5a60206b6a9d5b39363ae0cee8945ca792b670c035fd34117
sources_sha256_9,a966f60ab30759ac64ac440cc893d74782c1020883cb4fa570ddb32ad0081c8a
sources_sha256_10,36912af7d556f633a348f0bc294555dd16d1494f540ae542d840071e651b3e9b
sources_sha256_11,bf028077f4d81b97b0796827c4b0335c036ea92b29fb1379a26088e7f315c4d5
sources_sha256_12,6d35faf2239878133d21d9de7820379ea81d1b91c41f923fd27402ef98947b60
outputs_sha256_1,19ad79b7c381321e67e9936d66081e038e2481a6d648f94a63e8aee0ebd4320d
outputs_sha256_2,85acba873a9e427347a3cfbd74bf6a399a499eb75b5138f70336587ef2011215
outputs_sha256_3,0c17348d4738d24ecc6916672c29ff424742de61f1fdde3ba05bc097ff028343
outputs_sha256_4,de8c41513a24c7700e7d990df5f77db727d662bc299096be0eaae529ce429bd2
outputs_sha256_5,becdf87b5b02db044c06bbc4721a4f7c81790cd1b8df81806f1acd9fa47a559a
outputs_sha256_6,b1bf45c763903fe4e198aa2fabd84b6df39960d1caefc75e32f088e61939a4fb
outputs_sha256_7,ab5d4c3d32f6de957dc7308cd3aa2997463c3110cfd05b5cf9bbd608c83fffc7
outputs_sha256_8,dfb13cee9c7928dc69ac0da06623c7edd408cb22f18ce4db9b18c886df2dd009
outputs_sha256_9,3a7b958dcbb33a16e8946abdefd58239faedc65f05bfad33ac973674b74e3a64
analyzer,b4c5d692230372f54a665ab4d6fde34a0b076ad07e02be617c9c1ccf92b962c9
analysis_source_meter_csv,3a7b958dcbb33a16e8946abdefd58239faedc65f05bfad33ac973674b74e3a64
analysis_source_clock_sync,dfb13cee9c7928dc69ac0da06623c7edd408cb22f18ce4db9b18c886df2dd009
analysis_source_trial_events,85acba873a9e427347a3cfbd74bf6a399a499eb75b5138f70336587ef2011215
build_admission,9468d02ac06c112153ad2d89b6aabb098f0f791abf16115392f5decb5cea7d89
programmed_sof,4fe8b654fc6eba8ddbf8c72b52af3a5fe64feef27f51768b0abdd06cc4c07de6
verification_manifest,2c8bb0f2fea7d98fa80dc41aee22f2275e8716bb2375da70495b8762399ce9ff
profile_manifest,e947473a562405557d8f5f70b8e8c1c8b958dae130b6988ca627016ae1ed1aa4
profile_case_summary,d2a30c20bfc2fa7182581e07fef6b94b130e146aaeaf7307e4002446a2ff53bc
fitted_review,760d60440c07a0a6eb55adc6d2a38bc88ac8fe43e1f10adbeaf2cc4e8f3ea949
analysis,ec0ee20e7bc4c76dac18b8a00c6792b0683bfe960de82cd5f5d1fb8144295ba4
campaign_manifest,c36c5ebe39874084e705861901400e193db50100965cf2b62eac586fd80ca7ec
meter_csv,3a7b958dcbb33a16e8946abdefd58239faedc65f05bfad33ac973674b74e3a64
clock_sync,dfb13cee9c7928dc69ac0da06623c7edd408cb22f18ce4db9b18c886df2dd009
trial_events,85acba873a9e427347a3cfbd74bf6a399a499eb75b5138f70336587ef2011215
profile_case_summary,d2a30c20bfc2fa7182581e07fef6b94b130e146aaeaf7307e4002446a2ff53bc
capture_summary,19ad79b7c381321e67e9936d66081e038e2481a6d648f94a63e8aee0ebd4320d
device_metadata,b1bf45c763903fe4e198aa2fabd84b6df39960d1caefc75e32f088e61939a4fb
program_manifest,bf028077f4d81b97b0796827c4b0335c036ea92b29fb1379a26088e7f315c4d5
build_receipt,fb54fb5202ff4e494543f973b403fe6ee4c97c9b4f1187fcd87d8d5bf52ec162
fit_summary,f9d76e31642afdb9403013b9fab6f2a52ed065cdff13930ad76ae81d73f8aed6
timing_corners,519f970736e195b3b8cf7ea9ae8b4c9bf93179910b817fd3d8195f28cf92bd3b
candidate_source_manifest,d53b7ce9f610ad93c7e0bc3554cf33c47537a405c9dce7a67a51431ea4e2eb04
reference_manifest,8f990825b5045210810e98e18cefa3ab90fc5802cf03c099228efb0ffbb3f1cf
jtag_receipts,0c17348d4738d24ecc6916672c29ff424742de61f1fdde3ba05bc097ff028343
