trial_id,pair_id,condition,threshold2,epochs,cycles,duration_nominal_s,input_count,output_count,frame_count,mismatch_count,fault_flags,interior_board_power_W,board_energy_interpolated_J,board_J_per_input_interpolated,interior_power_timing_lower,interior_power_timing_upper,batch_energy_timing_lower,batch_energy_timing_upper
trial_001,1,masked_baseline,100000000000,16384,1444053378,28.88106756,16777216,25165824,147456,0,0,6.50007202173865,187.81048893311868,1.1194377477950971e-05,6.487213536782759,6.512955737796148,186.5489,189.15140000000002
trial_002,1,masked_isolated,100000000000,16384,1444053378,28.88106756,16777216,25165824,147456,0,0,6.50001245484217,187.74462312383162,1.1190451569785572e-05,6.487158789924694,6.512891322714533,186.55079999999998,189.14839999999998
trial_003,2,masked_isolated,100000000000,16384,1444053378,28.88106756,16777216,25165824,147456,0,0,6.499797642654685,187.7472039179711,1.1190605397103494e-05,6.48630149123436,6.513322940363993,185.91600000000005,189.15839999999992
trial_004,2,masked_baseline,100000000000,16384,1444053378,28.88106756,16777216,25165824,147456,0,0,6.499903079534567,187.75714035336728,1.1191197654805617e-05,6.487021909646683,6.5128096167237315,185.89679999999998,189.14240000000007
trial_005,3,masked_baseline,100000000000,16384,1444053378,28.88106756,16777216,25165824,147456,0,0,6.500202166064983,187.74954489068978,1.119074492995082e-05,6.4873457702453265,6.513083779558753,186.55660000000012,189.1590000000001
trial_006,3,masked_isolated,100000000000,16384,1444053378,28.88106756,16777216,25165824,147456,0,0,6.5002263536271805,187.6689965876012,1.1185943876957966e-05,6.487360555699814,6.513117424883029,186.55499999999984,189.15239999999994
trial_007,4,masked_isolated,100000000000,16384,1444053378,28.88106756,16777216,25165824,147456,0,0,6.500301811812913,187.74041102622118,1.1190200509203743e-05,6.487426903294229,6.5132020472305125,185.90740000000005,189.15660000000003
trial_008,4,masked_baseline,100000000000,16384,1444053378,28.88106756,16777216,25165824,147456,0,0,6.500347476060254,187.80138561766944,1.119383487806734e-05,6.487511793643689,6.513208252176327,186.52639999999997,189.15740000000005
trial_009,5,masked_baseline,100000000000,16384,1444053378,28.88106756,16777216,25165824,147456,0,0,6.499951993536342,187.75417294350518,1.1191020783394884e-05,6.48707084220128,6.512858511676142,185.904,189.8012000000001
trial_010,5,masked_isolated,100000000000,16384,1444053378,28.88106756,16777216,25165824,147456,0,0,6.500147642520335,187.7343500204829,1.1189839245109731e-05,6.487266103461768,6.513054549147183,185.9029999999998,189.14699999999993
trial_011,6,masked_isolated,100000000000,16384,1444053378,28.88106756,16777216,25165824,147456,0,0,6.500134962056641,187.7846234423282,1.1192835774560464e-05,6.487253425029408,6.5130418667401555,185.9090000000001,189.15599999999995
trial_012,6,masked_baseline,100000000000,16384,1444053378,28.88106756,16777216,25165824,147456,0,0,6.500181159420305,187.7294170690302,1.1189545218290699e-05,6.487287709214124,6.513100047873266,185.92200000000003,189.79999999999973
