frame_idx,bin_idx,real,imag,mag2,eligible,pre_mask,mask
0,0,195882,0,38369757924,0,0,0
0,1,-192999,33490,38370194101,1,0,0
0,2,184430,-65995,38369764925,1,0,0
0,3,-170431,96550,38368628261,1,0,0
0,4,151416,-124269,38369589417,1,0,0
0,5,-127948,148327,38371589633,1,0,0
0,6,100705,-168014,38370201221,1,0,0
0,7,-70501,182761,38371974122,1,0,0
0,8,38212,-192116,38368714400,1,0,0
0,9,-4807,195826,38370929525,1,0,0
0,10,-28745,-193767,38371925314,1,0,0
0,11,61446,185997,38370494925,1,0,0
0,12,-92339,-172757,38371471970,1,0,0
0,13,120516,154424,38370878032,1,0,0
0,14,-145138,-131550,38370441544,1,0,0
0,15,165490,104792,38368303364,1,0,0
0,16,-180971,-74960,38369504441,1,0,0
0,17,191121,42920,38369363041,1,0,0
0,18,-195646,-9611,38369728637,1,0,0
0,19,194411,-23980,38370677321,1,0,0
0,20,-187453,56866,38372369165,1,0,0
0,21,174967,-88071,38369952130,1,0,0
0,22,-157339,116688,38371650265,1,0,0
0,23,135067,-141870,38370191389,1,0,0
0,24,-108828,162870,38370170484,1,0,0
0,25,79382,-179082,38371864648,1,0,0
0,26,-47597,190017,38371934698,1,0,0
0,27,14413,-195356,38371701305,1,0,0
0,28,19198,194941,38370556685,1,0,0
0,29,-52244,-188783,38368456625,1,0,0
0,30,83749,177072,38368388185,1,0,0
0,31,-112791,-160153,38370793090,1,0,0
0,32,138507,138507,38368378098,1,0,0
0,33,-160153,-112791,38370793090,1,0,0
0,34,177072,83749,38368388185,1,0,0
0,35,-188783,-52244,38368456625,1,0,0
0,36,194941,19198,38370556685,1,0,0
0,37,-195356,14413,38371701305,1,0,0
0,38,190017,-47597,38371934698,1,0,0
0,39,-179082,79382,38371864648,1,0,0
0,40,162870,-108828,38370170484,1,0,0
0,41,-141870,135067,38370191389,1,0,0
0,42,116688,-157339,38371650265,1,0,0
0,43,-88071,174967,38369952130,1,0,0
0,44,56866,-187453,38372369165,1,0,0
0,45,-23980,194411,38370677321,1,0,0
0,46,-9611,-195646,38369728637,1,0,0
0,47,42920,191121,38369363041,1,0,0
0,48,-74960,-180971,38369504441,1,0,0
0,49,104792,165490,38368303364,1,0,0
0,50,-131550,-145138,38370441544,1,0,0
0,51,154424,120516,38370878032,1,0,0
0,52,-172757,-92339,38371471970,1,0,0
0,53,185997,61446,38370494925,1,0,0
0,54,-193767,-28745,38371925314,1,0,0
0,55,195826,-4807,38370929525,1,0,0
0,56,-192116,38212,38368714400,1,0,0
0,57,182761,-70501,38371974122,1,0,0
0,58,-168014,100705,38370201221,1,0,0
0,59,148327,-127948,38371589633,1,0,0
0,60,-124269,151416,38369589417,1,0,0
0,61,96550,-170431,38368628261,1,0,0
0,62,-65995,184430,38369764925,1,0,0
0,63,33490,-192999,38370194101,1,0,0
0,64,0,195882,38369757924,1,0,0
0,65,-33490,-192999,38370194101,1,0,0
0,66,65995,184430,38369764925,1,0,0
0,67,-96550,-170431,38368628261,1,0,0
0,68,124269,151416,38369589417,1,0,0
0,69,-148327,-127948,38371589633,1,0,0
0,70,168014,100705,38370201221,1,0,0
0,71,-182761,-70501,38371974122,1,0,0
0,72,192116,38212,38368714400,1,0,0
0,73,-195826,-4807,38370929525,1,0,0
0,74,193767,-28745,38371925314,1,0,0
0,75,-185997,61446,38370494925,1,0,0
0,76,172757,-92339,38371471970,1,0,0
0,77,-154424,120516,38370878032,1,0,0
0,78,131550,-145138,38370441544,1,0,0
0,79,-104792,165490,38368303364,1,0,0
0,80,74960,-180971,38369504441,1,0,0
0,81,-42920,191121,38369363041,1,0,0
0,82,9611,-195646,38369728637,1,0,0
0,83,23980,194411,38370677321,1,0,0
0,84,-56866,-187453,38372369165,1,0,0
0,85,88071,174967,38369952130,1,0,0
0,86,-116688,-157339,38371650265,1,0,0
0,87,141870,135067,38370191389,1,0,0
0,88,-162870,-108828,38370170484,1,0,0
0,89,179082,79382,38371864648,1,0,0
0,90,-190017,-47597,38371934698,1,0,0
0,91,195356,14413,38371701305,1,0,0
0,92,-194941,19198,38370556685,1,0,0
0,93,188783,-52244,38368456625,1,0,0
0,94,-177072,83749,38368388185,1,0,0
0,95,160153,-112791,38370793090,1,0,0
0,96,-138507,138507,38368378098,1,0,0
0,97,112791,-160153,38370793090,1,0,0
0,98,-83749,177072,38368388185,1,0,0
0,99,52244,-188783,38368456625,1,0,0
0,100,-19198,194941,38370556685,1,0,0
0,101,-14413,-195356,38371701305,1,0,0
0,102,47597,190017,38371934698,1,0,0
0,103,-79382,-179082,38371864648,1,0,0
0,104,108828,162870,38370170484,1,0,0
0,105,-135067,-141870,38370191389,1,0,0
0,106,157339,116688,38371650265,1,0,0
0,107,-174967,-88071,38369952130,1,0,0
0,108,187453,56866,38372369165,1,0,0
0,109,-194411,-23980,38370677321,1,0,0
0,110,195646,-9611,38369728637,1,0,0
0,111,-191121,42920,38369363041,1,0,0
0,112,180971,-74960,38369504441,1,0,0
0,113,-165490,104792,38368303364,1,0,0
0,114,145138,-131550,38370441544,1,0,0
0,115,-120516,154424,38370878032,1,0,0
0,116,92339,-172757,38371471970,1,0,0
0,117,-61446,185997,38370494925,1,0,0
0,118,28745,-193767,38371925314,1,0,0
0,119,4807,195826,38370929525,1,0,0
0,120,-38212,-192116,38368714400,1,0,0
0,121,70501,182761,38371974122,1,0,0
0,122,-100705,-168014,38370201221,1,0,0
0,123,127948,148327,38371589633,1,0,0
0,124,-151416,-124269,38369589417,1,0,0
0,125,170431,96550,38368628261,1,0,0
0,126,-184430,-65995,38369764925,1,0,0
0,127,192999,33490,38370194101,1,0,0
0,128,-195882,0,38369757924,1,0,0
1,0,16866,0,284461956,0,0,0
1,1,16618,-2884,284475380,1,0,0
1,2,15880,-5682,284459524,1,0,0
1,3,14675,-8313,284461594,1,0,0
1,4,13038,-10700,284479444,1,0,0
1,5,11017,-12772,284498273,1,0,0
1,6,8671,-14467,284480330,1,0,0
1,7,6071,-15737,284510210,1,0,0
1,8,3291,-16542,284468445,1,0,0
1,9,414,-16862,284498440,1,0,0
1,10,-2475,-16684,284481481,1,0,0
1,11,-5291,-16015,284474906,1,0,0
1,12,-7951,-14875,284484026,1,0,0
1,13,-10377,-13297,284492338,1,0,0
1,14,-12497,-11327,284475938,1,0,0
1,15,-14250,-9023,284477029,1,0,0
1,16,-15583,-6455,284496914,1,0,0
1,17,-16457,-3696,284493265,1,0,0
1,18,-16846,-828,284473300,1,0,0
1,19,-16740,2065,284491825,1,0,0
1,20,-16141,4896,284502697,1,0,0
1,21,-15066,7583,284486245,1,0,0
1,22,-13547,10047,284463418,1,0,0
1,23,-11630,12216,284487556,1,0,0
1,24,-9371,14024,284488217,1,0,0
1,25,-6835,15420,284493625,1,0,0
1,26,-4098,16361,284475925,1,0,0
1,27,-1241,16821,284486122,1,0,0
1,28,1654,16786,284505512,1,0,0
1,29,4499,16255,284466026,1,0,0
1,30,7211,15247,284469530,1,0,0
1,31,9712,13790,284487044,1,0,0
1,32,11926,11926,284458952,1,0,0
1,33,13790,9712,284487044,1,0,0
1,34,15247,7211,284469530,1,0,0
1,35,16255,4499,284466026,1,0,0
1,36,16786,1654,284505512,1,0,0
1,37,16821,-1241,284486122,1,0,0
1,38,16361,-4098,284475925,1,0,0
1,39,15420,-6835,284493625,1,0,0
1,40,14024,-9371,284488217,1,0,0
1,41,12216,-11630,284487556,1,0,0
1,42,10047,-13547,284463418,1,0,0
1,43,7583,-15066,284486245,1,0,0
1,44,4896,-16141,284502697,1,0,0
1,45,2065,-16740,284491825,1,0,0
1,46,-828,-16846,284473300,1,0,0
1,47,-3696,-16457,284493265,1,0,0
1,48,-6455,-15583,284496914,1,0,0
1,49,-9023,-14250,284477029,1,0,0
1,50,-11327,-12497,284475938,1,0,0
1,51,-13297,-10377,284492338,1,0,0
1,52,-14875,-7951,284484026,1,0,0
1,53,-16015,-5291,284474906,1,0,0
1,54,-16684,-2475,284481481,1,0,0
1,55,-16862,414,284498440,1,0,0
1,56,-16542,3291,284468445,1,0,0
1,57,-15737,6071,284510210,1,0,0
1,58,-14467,8671,284480330,1,0,0
1,59,-12772,11017,284498273,1,0,0
1,60,-10700,13038,284479444,1,0,0
1,61,-8313,14675,284461594,1,0,0
1,62,-5682,15880,284459524,1,0,0
1,63,-2884,16618,284475380,1,0,0
1,64,0,16866,284461956,1,0,0
1,65,2884,16618,284475380,1,0,0
1,66,5682,15880,284459524,1,0,0
1,67,8313,14675,284461594,1,0,0
1,68,10700,13038,284479444,1,0,0
1,69,12772,11017,284498273,1,0,0
1,70,14467,8671,284480330,1,0,0
1,71,15737,6071,284510210,1,0,0
1,72,16542,3291,284468445,1,0,0
1,73,16862,414,284498440,1,0,0
1,74,16684,-2475,284481481,1,0,0
1,75,16015,-5291,284474906,1,0,0
1,76,14875,-7951,284484026,1,0,0
1,77,13297,-10377,284492338,1,0,0
1,78,11327,-12497,284475938,1,0,0
1,79,9023,-14250,284477029,1,0,0
1,80,6455,-15583,284496914,1,0,0
1,81,3696,-16457,284493265,1,0,0
1,82,828,-16846,284473300,1,0,0
1,83,-2065,-16740,284491825,1,0,0
1,84,-4896,-16141,284502697,1,0,0
1,85,-7583,-15066,284486245,1,0,0
1,86,-10047,-13547,284463418,1,0,0
1,87,-12216,-11630,284487556,1,0,0
1,88,-14024,-9371,284488217,1,0,0
1,89,-15420,-6835,284493625,1,0,0
1,90,-16361,-4098,284475925,1,0,0
1,91,-16821,-1241,284486122,1,0,0
1,92,-16786,1654,284505512,1,0,0
1,93,-16255,4499,284466026,1,0,0
1,94,-15247,7211,284469530,1,0,0
1,95,-13790,9712,284487044,1,0,0
1,96,-11926,11926,284458952,1,0,0
1,97,-9712,13790,284487044,1,0,0
1,98,-7211,15247,284469530,1,0,0
1,99,-4499,16255,284466026,1,0,0
1,100,-1654,16786,284505512,1,0,0
1,101,1241,16821,284486122,1,0,0
1,102,4098,16361,284475925,1,0,0
1,103,6835,15420,284493625,1,0,0
1,104,9371,14024,284488217,1,0,0
1,105,11630,12216,284487556,1,0,0
1,106,13547,10047,284463418,1,0,0
1,107,15066,7583,284486245,1,0,0
1,108,16141,4896,284502697,1,0,0
1,109,16740,2065,284491825,1,0,0
1,110,16846,-828,284473300,1,0,0
1,111,16457,-3696,284493265,1,0,0
1,112,15583,-6455,284496914,1,0,0
1,113,14250,-9023,284477029,1,0,0
1,114,12497,-11327,284475938,1,0,0
1,115,10377,-13297,284492338,1,0,0
1,116,7951,-14875,284484026,1,0,0
1,117,5291,-16015,284474906,1,0,0
1,118,2475,-16684,284481481,1,0,0
1,119,-414,-16862,284498440,1,0,0
1,120,-3291,-16542,284468445,1,0,0
1,121,-6071,-15737,284510210,1,0,0
1,122,-8671,-14467,284480330,1,0,0
1,123,-11017,-12772,284498273,1,0,0
1,124,-13038,-10700,284479444,1,0,0
1,125,-14675,-8313,284461594,1,0,0
1,126,-15880,-5682,284459524,1,0,0
1,127,-16618,-2884,284475380,1,0,0
1,128,-16866,0,284461956,1,0,0
2,0,0,0,0,0,0,0
2,1,0,0,0,1,0,0
2,2,0,0,0,1,0,0
2,3,0,0,0,1,0,0
2,4,0,0,0,1,0,0
2,5,0,0,0,1,0,0
2,6,0,0,0,1,0,0
2,7,0,0,0,1,0,0
2,8,0,0,0,1,0,0
2,9,0,0,0,1,0,0
2,10,0,0,0,1,0,0
2,11,0,0,0,1,0,0
2,12,0,0,0,1,0,0
2,13,0,0,0,1,0,0
2,14,0,0,0,1,0,0
2,15,0,0,0,1,0,0
2,16,0,0,0,1,0,0
2,17,0,0,0,1,0,0
2,18,0,0,0,1,0,0
2,19,0,0,0,1,0,0
2,20,0,0,0,1,0,0
2,21,0,0,0,1,0,0
2,22,0,0,0,1,0,0
2,23,0,0,0,1,0,0
2,24,0,0,0,1,0,0
2,25,0,0,0,1,0,0
2,26,0,0,0,1,0,0
2,27,0,0,0,1,0,0
2,28,0,0,0,1,0,0
2,29,0,0,0,1,0,0
2,30,0,0,0,1,0,0
2,31,0,0,0,1,0,0
2,32,0,0,0,1,0,0
2,33,0,0,0,1,0,0
2,34,0,0,0,1,0,0
2,35,0,0,0,1,0,0
2,36,0,0,0,1,0,0
2,37,0,0,0,1,0,0
2,38,0,0,0,1,0,0
2,39,0,0,0,1,0,0
2,40,0,0,0,1,0,0
2,41,0,0,0,1,0,0
2,42,0,0,0,1,0,0
2,43,0,0,0,1,0,0
2,44,0,0,0,1,0,0
2,45,0,0,0,1,0,0
2,46,0,0,0,1,0,0
2,47,0,0,0,1,0,0
2,48,0,0,0,1,0,0
2,49,0,0,0,1,0,0
2,50,0,0,0,1,0,0
2,51,0,0,0,1,0,0
2,52,0,0,0,1,0,0
2,53,0,0,0,1,0,0
2,54,0,0,0,1,0,0
2,55,0,0,0,1,0,0
2,56,0,0,0,1,0,0
2,57,0,0,0,1,0,0
2,58,0,0,0,1,0,0
2,59,0,0,0,1,0,0
2,60,0,0,0,1,0,0
2,61,0,0,0,1,0,0
2,62,0,0,0,1,0,0
2,63,0,0,0,1,0,0
2,64,0,0,0,1,0,0
2,65,0,0,0,1,0,0
2,66,0,0,0,1,0,0
2,67,0,0,0,1,0,0
2,68,0,0,0,1,0,0
2,69,0,0,0,1,0,0
2,70,0,0,0,1,0,0
2,71,0,0,0,1,0,0
2,72,0,0,0,1,0,0
2,73,0,0,0,1,0,0
2,74,0,0,0,1,0,0
2,75,0,0,0,1,0,0
2,76,0,0,0,1,0,0
2,77,0,0,0,1,0,0
2,78,0,0,0,1,0,0
2,79,0,0,0,1,0,0
2,80,0,0,0,1,0,0
2,81,0,0,0,1,0,0
2,82,0,0,0,1,0,0
2,83,0,0,0,1,0,0
2,84,0,0,0,1,0,0
2,85,0,0,0,1,0,0
2,86,0,0,0,1,0,0
2,87,0,0,0,1,0,0
2,88,0,0,0,1,0,0
2,89,0,0,0,1,0,0
2,90,0,0,0,1,0,0
2,91,0,0,0,1,0,0
2,92,0,0,0,1,0,0
2,93,0,0,0,1,0,0
2,94,0,0,0,1,0,0
2,95,0,0,0,1,0,0
2,96,0,0,0,1,0,0
2,97,0,0,0,1,0,0
2,98,0,0,0,1,0,0
2,99,0,0,0,1,0,0
2,100,0,0,0,1,0,0
2,101,0,0,0,1,0,0
2,102,0,0,0,1,0,0
2,103,0,0,0,1,0,0
2,104,0,0,0,1,0,0
2,105,0,0,0,1,0,0
2,106,0,0,0,1,0,0
2,107,0,0,0,1,0,0
2,108,0,0,0,1,0,0
2,109,0,0,0,1,0,0
2,110,0,0,0,1,0,0
2,111,0,0,0,1,0,0
2,112,0,0,0,1,0,0
2,113,0,0,0,1,0,0
2,114,0,0,0,1,0,0
2,115,0,0,0,1,0,0
2,116,0,0,0,1,0,0
2,117,0,0,0,1,0,0
2,118,0,0,0,1,0,0
2,119,0,0,0,1,0,0
2,120,0,0,0,1,0,0
2,121,0,0,0,1,0,0
2,122,0,0,0,1,0,0
2,123,0,0,0,1,0,0
2,124,0,0,0,1,0,0
2,125,0,0,0,1,0,0
2,126,0,0,0,1,0,0
2,127,0,0,0,1,0,0
2,128,0,0,0,1,0,0
3,0,0,0,0,0,0,0
3,1,0,0,0,1,0,0
3,2,0,0,0,1,0,0
3,3,0,0,0,1,0,0
3,4,0,0,0,1,0,0
3,5,0,0,0,1,0,0
3,6,0,0,0,1,0,0
3,7,0,0,0,1,0,0
3,8,0,0,0,1,0,0
3,9,0,0,0,1,0,0
3,10,0,0,0,1,0,0
3,11,0,0,0,1,0,0
3,12,0,0,0,1,0,0
3,13,0,0,0,1,0,0
3,14,0,0,0,1,0,0
3,15,0,0,0,1,0,0
3,16,0,0,0,1,0,0
3,17,0,0,0,1,0,0
3,18,0,0,0,1,0,0
3,19,0,0,0,1,0,0
3,20,0,0,0,1,0,0
3,21,0,0,0,1,0,0
3,22,0,0,0,1,0,0
3,23,0,0,0,1,0,0
3,24,0,0,0,1,0,0
3,25,0,0,0,1,0,0
3,26,0,0,0,1,0,0
3,27,0,0,0,1,0,0
3,28,0,0,0,1,0,0
3,29,0,0,0,1,0,0
3,30,0,0,0,1,0,0
3,31,0,0,0,1,0,0
3,32,0,0,0,1,0,0
3,33,0,0,0,1,0,0
3,34,0,0,0,1,0,0
3,35,0,0,0,1,0,0
3,36,0,0,0,1,0,0
3,37,0,0,0,1,0,0
3,38,0,0,0,1,0,0
3,39,0,0,0,1,0,0
3,40,0,0,0,1,0,0
3,41,0,0,0,1,0,0
3,42,0,0,0,1,0,0
3,43,0,0,0,1,0,0
3,44,0,0,0,1,0,0
3,45,0,0,0,1,0,0
3,46,0,0,0,1,0,0
3,47,0,0,0,1,0,0
3,48,0,0,0,1,0,0
3,49,0,0,0,1,0,0
3,50,0,0,0,1,0,0
3,51,0,0,0,1,0,0
3,52,0,0,0,1,0,0
3,53,0,0,0,1,0,0
3,54,0,0,0,1,0,0
3,55,0,0,0,1,0,0
3,56,0,0,0,1,0,0
3,57,0,0,0,1,0,0
3,58,0,0,0,1,0,0
3,59,0,0,0,1,0,0
3,60,0,0,0,1,0,0
3,61,0,0,0,1,0,0
3,62,0,0,0,1,0,0
3,63,0,0,0,1,0,0
3,64,0,0,0,1,0,0
3,65,0,0,0,1,0,0
3,66,0,0,0,1,0,0
3,67,0,0,0,1,0,0
3,68,0,0,0,1,0,0
3,69,0,0,0,1,0,0
3,70,0,0,0,1,0,0
3,71,0,0,0,1,0,0
3,72,0,0,0,1,0,0
3,73,0,0,0,1,0,0
3,74,0,0,0,1,0,0
3,75,0,0,0,1,0,0
3,76,0,0,0,1,0,0
3,77,0,0,0,1,0,0
3,78,0,0,0,1,0,0
3,79,0,0,0,1,0,0
3,80,0,0,0,1,0,0
3,81,0,0,0,1,0,0
3,82,0,0,0,1,0,0
3,83,0,0,0,1,0,0
3,84,0,0,0,1,0,0
3,85,0,0,0,1,0,0
3,86,0,0,0,1,0,0
3,87,0,0,0,1,0,0
3,88,0,0,0,1,0,0
3,89,0,0,0,1,0,0
3,90,0,0,0,1,0,0
3,91,0,0,0,1,0,0
3,92,0,0,0,1,0,0
3,93,0,0,0,1,0,0
3,94,0,0,0,1,0,0
3,95,0,0,0,1,0,0
3,96,0,0,0,1,0,0
3,97,0,0,0,1,0,0
3,98,0,0,0,1,0,0
3,99,0,0,0,1,0,0
3,100,0,0,0,1,0,0
3,101,0,0,0,1,0,0
3,102,0,0,0,1,0,0
3,103,0,0,0,1,0,0
3,104,0,0,0,1,0,0
3,105,0,0,0,1,0,0
3,106,0,0,0,1,0,0
3,107,0,0,0,1,0,0
3,108,0,0,0,1,0,0
3,109,0,0,0,1,0,0
3,110,0,0,0,1,0,0
3,111,0,0,0,1,0,0
3,112,0,0,0,1,0,0
3,113,0,0,0,1,0,0
3,114,0,0,0,1,0,0
3,115,0,0,0,1,0,0
3,116,0,0,0,1,0,0
3,117,0,0,0,1,0,0
3,118,0,0,0,1,0,0
3,119,0,0,0,1,0,0
3,120,0,0,0,1,0,0
3,121,0,0,0,1,0,0
3,122,0,0,0,1,0,0
3,123,0,0,0,1,0,0
3,124,0,0,0,1,0,0
3,125,0,0,0,1,0,0
3,126,0,0,0,1,0,0
3,127,0,0,0,1,0,0
3,128,0,0,0,1,0,0
4,0,0,0,0,0,0,0
4,1,0,0,0,1,0,0
4,2,0,0,0,1,0,0
4,3,0,0,0,1,0,0
4,4,0,0,0,1,0,0
4,5,0,0,0,1,0,0
4,6,0,0,0,1,0,0
4,7,0,0,0,1,0,0
4,8,0,0,0,1,0,0
4,9,0,0,0,1,0,0
4,10,0,0,0,1,0,0
4,11,0,0,0,1,0,0
4,12,0,0,0,1,0,0
4,13,0,0,0,1,0,0
4,14,0,0,0,1,0,0
4,15,0,0,0,1,0,0
4,16,0,0,0,1,0,0
4,17,0,0,0,1,0,0
4,18,0,0,0,1,0,0
4,19,0,0,0,1,0,0
4,20,0,0,0,1,0,0
4,21,0,0,0,1,0,0
4,22,0,0,0,1,0,0
4,23,0,0,0,1,0,0
4,24,0,0,0,1,0,0
4,25,0,0,0,1,0,0
4,26,0,0,0,1,0,0
4,27,0,0,0,1,0,0
4,28,0,0,0,1,0,0
4,29,0,0,0,1,0,0
4,30,0,0,0,1,0,0
4,31,0,0,0,1,0,0
4,32,0,0,0,1,0,0
4,33,0,0,0,1,0,0
4,34,0,0,0,1,0,0
4,35,0,0,0,1,0,0
4,36,0,0,0,1,0,0
4,37,0,0,0,1,0,0
4,38,0,0,0,1,0,0
4,39,0,0,0,1,0,0
4,40,0,0,0,1,0,0
4,41,0,0,0,1,0,0
4,42,0,0,0,1,0,0
4,43,0,0,0,1,0,0
4,44,0,0,0,1,0,0
4,45,0,0,0,1,0,0
4,46,0,0,0,1,0,0
4,47,0,0,0,1,0,0
4,48,0,0,0,1,0,0
4,49,0,0,0,1,0,0
4,50,0,0,0,1,0,0
4,51,0,0,0,1,0,0
4,52,0,0,0,1,0,0
4,53,0,0,0,1,0,0
4,54,0,0,0,1,0,0
4,55,0,0,0,1,0,0
4,56,0,0,0,1,0,0
4,57,0,0,0,1,0,0
4,58,0,0,0,1,0,0
4,59,0,0,0,1,0,0
4,60,0,0,0,1,0,0
4,61,0,0,0,1,0,0
4,62,0,0,0,1,0,0
4,63,0,0,0,1,0,0
4,64,0,0,0,1,0,0
4,65,0,0,0,1,0,0
4,66,0,0,0,1,0,0
4,67,0,0,0,1,0,0
4,68,0,0,0,1,0,0
4,69,0,0,0,1,0,0
4,70,0,0,0,1,0,0
4,71,0,0,0,1,0,0
4,72,0,0,0,1,0,0
4,73,0,0,0,1,0,0
4,74,0,0,0,1,0,0
4,75,0,0,0,1,0,0
4,76,0,0,0,1,0,0
4,77,0,0,0,1,0,0
4,78,0,0,0,1,0,0
4,79,0,0,0,1,0,0
4,80,0,0,0,1,0,0
4,81,0,0,0,1,0,0
4,82,0,0,0,1,0,0
4,83,0,0,0,1,0,0
4,84,0,0,0,1,0,0
4,85,0,0,0,1,0,0
4,86,0,0,0,1,0,0
4,87,0,0,0,1,0,0
4,88,0,0,0,1,0,0
4,89,0,0,0,1,0,0
4,90,0,0,0,1,0,0
4,91,0,0,0,1,0,0
4,92,0,0,0,1,0,0
4,93,0,0,0,1,0,0
4,94,0,0,0,1,0,0
4,95,0,0,0,1,0,0
4,96,0,0,0,1,0,0
4,97,0,0,0,1,0,0
4,98,0,0,0,1,0,0
4,99,0,0,0,1,0,0
4,100,0,0,0,1,0,0
4,101,0,0,0,1,0,0
4,102,0,0,0,1,0,0
4,103,0,0,0,1,0,0
4,104,0,0,0,1,0,0
4,105,0,0,0,1,0,0
4,106,0,0,0,1,0,0
4,107,0,0,0,1,0,0
4,108,0,0,0,1,0,0
4,109,0,0,0,1,0,0
4,110,0,0,0,1,0,0
4,111,0,0,0,1,0,0
4,112,0,0,0,1,0,0
4,113,0,0,0,1,0,0
4,114,0,0,0,1,0,0
4,115,0,0,0,1,0,0
4,116,0,0,0,1,0,0
4,117,0,0,0,1,0,0
4,118,0,0,0,1,0,0
4,119,0,0,0,1,0,0
4,120,0,0,0,1,0,0
4,121,0,0,0,1,0,0
4,122,0,0,0,1,0,0
4,123,0,0,0,1,0,0
4,124,0,0,0,1,0,0
4,125,0,0,0,1,0,0
4,126,0,0,0,1,0,0
4,127,0,0,0,1,0,0
4,128,0,0,0,1,0,0
5,0,0,0,0,0,0,0
5,1,0,0,0,1,0,0
5,2,0,0,0,1,0,0
5,3,0,0,0,1,0,0
5,4,0,0,0,1,0,0
5,5,0,0,0,1,0,0
5,6,0,0,0,1,0,0
5,7,0,0,0,1,0,0
5,8,0,0,0,1,0,0
5,9,0,0,0,1,0,0
5,10,0,0,0,1,0,0
5,11,0,0,0,1,0,0
5,12,0,0,0,1,0,0
5,13,0,0,0,1,0,0
5,14,0,0,0,1,0,0
5,15,0,0,0,1,0,0
5,16,0,0,0,1,0,0
5,17,0,0,0,1,0,0
5,18,0,0,0,1,0,0
5,19,0,0,0,1,0,0
5,20,0,0,0,1,0,0
5,21,0,0,0,1,0,0
5,22,0,0,0,1,0,0
5,23,0,0,0,1,0,0
5,24,0,0,0,1,0,0
5,25,0,0,0,1,0,0
5,26,0,0,0,1,0,0
5,27,0,0,0,1,0,0
5,28,0,0,0,1,0,0
5,29,0,0,0,1,0,0
5,30,0,0,0,1,0,0
5,31,0,0,0,1,0,0
5,32,0,0,0,1,0,0
5,33,0,0,0,1,0,0
5,34,0,0,0,1,0,0
5,35,0,0,0,1,0,0
5,36,0,0,0,1,0,0
5,37,0,0,0,1,0,0
5,38,0,0,0,1,0,0
5,39,0,0,0,1,0,0
5,40,0,0,0,1,0,0
5,41,0,0,0,1,0,0
5,42,0,0,0,1,0,0
5,43,0,0,0,1,0,0
5,44,0,0,0,1,0,0
5,45,0,0,0,1,0,0
5,46,0,0,0,1,0,0
5,47,0,0,0,1,0,0
5,48,0,0,0,1,0,0
5,49,0,0,0,1,0,0
5,50,0,0,0,1,0,0
5,51,0,0,0,1,0,0
5,52,0,0,0,1,0,0
5,53,0,0,0,1,0,0
5,54,0,0,0,1,0,0
5,55,0,0,0,1,0,0
5,56,0,0,0,1,0,0
5,57,0,0,0,1,0,0
5,58,0,0,0,1,0,0
5,59,0,0,0,1,0,0
5,60,0,0,0,1,0,0
5,61,0,0,0,1,0,0
5,62,0,0,0,1,0,0
5,63,0,0,0,1,0,0
5,64,0,0,0,1,0,0
5,65,0,0,0,1,0,0
5,66,0,0,0,1,0,0
5,67,0,0,0,1,0,0
5,68,0,0,0,1,0,0
5,69,0,0,0,1,0,0
5,70,0,0,0,1,0,0
5,71,0,0,0,1,0,0
5,72,0,0,0,1,0,0
5,73,0,0,0,1,0,0
5,74,0,0,0,1,0,0
5,75,0,0,0,1,0,0
5,76,0,0,0,1,0,0
5,77,0,0,0,1,0,0
5,78,0,0,0,1,0,0
5,79,0,0,0,1,0,0
5,80,0,0,0,1,0,0
5,81,0,0,0,1,0,0
5,82,0,0,0,1,0,0
5,83,0,0,0,1,0,0
5,84,0,0,0,1,0,0
5,85,0,0,0,1,0,0
5,86,0,0,0,1,0,0
5,87,0,0,0,1,0,0
5,88,0,0,0,1,0,0
5,89,0,0,0,1,0,0
5,90,0,0,0,1,0,0
5,91,0,0,0,1,0,0
5,92,0,0,0,1,0,0
5,93,0,0,0,1,0,0
5,94,0,0,0,1,0,0
5,95,0,0,0,1,0,0
5,96,0,0,0,1,0,0
5,97,0,0,0,1,0,0
5,98,0,0,0,1,0,0
5,99,0,0,0,1,0,0
5,100,0,0,0,1,0,0
5,101,0,0,0,1,0,0
5,102,0,0,0,1,0,0
5,103,0,0,0,1,0,0
5,104,0,0,0,1,0,0
5,105,0,0,0,1,0,0
5,106,0,0,0,1,0,0
5,107,0,0,0,1,0,0
5,108,0,0,0,1,0,0
5,109,0,0,0,1,0,0
5,110,0,0,0,1,0,0
5,111,0,0,0,1,0,0
5,112,0,0,0,1,0,0
5,113,0,0,0,1,0,0
5,114,0,0,0,1,0,0
5,115,0,0,0,1,0,0
5,116,0,0,0,1,0,0
5,117,0,0,0,1,0,0
5,118,0,0,0,1,0,0
5,119,0,0,0,1,0,0
5,120,0,0,0,1,0,0
5,121,0,0,0,1,0,0
5,122,0,0,0,1,0,0
5,123,0,0,0,1,0,0
5,124,0,0,0,1,0,0
5,125,0,0,0,1,0,0
5,126,0,0,0,1,0,0
5,127,0,0,0,1,0,0
5,128,0,0,0,1,0,0
6,0,0,0,0,0,0,0
6,1,0,0,0,1,0,0
6,2,0,0,0,1,0,0
6,3,0,0,0,1,0,0
6,4,0,0,0,1,0,0
6,5,0,0,0,1,0,0
6,6,0,0,0,1,0,0
6,7,0,0,0,1,0,0
6,8,0,0,0,1,0,0
6,9,0,0,0,1,0,0
6,10,0,0,0,1,0,0
6,11,0,0,0,1,0,0
6,12,0,0,0,1,0,0
6,13,0,0,0,1,0,0
6,14,0,0,0,1,0,0
6,15,0,0,0,1,0,0
6,16,0,0,0,1,0,0
6,17,0,0,0,1,0,0
6,18,0,0,0,1,0,0
6,19,0,0,0,1,0,0
6,20,0,0,0,1,0,0
6,21,0,0,0,1,0,0
6,22,0,0,0,1,0,0
6,23,0,0,0,1,0,0
6,24,0,0,0,1,0,0
6,25,0,0,0,1,0,0
6,26,0,0,0,1,0,0
6,27,0,0,0,1,0,0
6,28,0,0,0,1,0,0
6,29,0,0,0,1,0,0
6,30,0,0,0,1,0,0
6,31,0,0,0,1,0,0
6,32,0,0,0,1,0,0
6,33,0,0,0,1,0,0
6,34,0,0,0,1,0,0
6,35,0,0,0,1,0,0
6,36,0,0,0,1,0,0
6,37,0,0,0,1,0,0
6,38,0,0,0,1,0,0
6,39,0,0,0,1,0,0
6,40,0,0,0,1,0,0
6,41,0,0,0,1,0,0
6,42,0,0,0,1,0,0
6,43,0,0,0,1,0,0
6,44,0,0,0,1,0,0
6,45,0,0,0,1,0,0
6,46,0,0,0,1,0,0
6,47,0,0,0,1,0,0
6,48,0,0,0,1,0,0
6,49,0,0,0,1,0,0
6,50,0,0,0,1,0,0
6,51,0,0,0,1,0,0
6,52,0,0,0,1,0,0
6,53,0,0,0,1,0,0
6,54,0,0,0,1,0,0
6,55,0,0,0,1,0,0
6,56,0,0,0,1,0,0
6,57,0,0,0,1,0,0
6,58,0,0,0,1,0,0
6,59,0,0,0,1,0,0
6,60,0,0,0,1,0,0
6,61,0,0,0,1,0,0
6,62,0,0,0,1,0,0
6,63,0,0,0,1,0,0
6,64,0,0,0,1,0,0
6,65,0,0,0,1,0,0
6,66,0,0,0,1,0,0
6,67,0,0,0,1,0,0
6,68,0,0,0,1,0,0
6,69,0,0,0,1,0,0
6,70,0,0,0,1,0,0
6,71,0,0,0,1,0,0
6,72,0,0,0,1,0,0
6,73,0,0,0,1,0,0
6,74,0,0,0,1,0,0
6,75,0,0,0,1,0,0
6,76,0,0,0,1,0,0
6,77,0,0,0,1,0,0
6,78,0,0,0,1,0,0
6,79,0,0,0,1,0,0
6,80,0,0,0,1,0,0
6,81,0,0,0,1,0,0
6,82,0,0,0,1,0,0
6,83,0,0,0,1,0,0
6,84,0,0,0,1,0,0
6,85,0,0,0,1,0,0
6,86,0,0,0,1,0,0
6,87,0,0,0,1,0,0
6,88,0,0,0,1,0,0
6,89,0,0,0,1,0,0
6,90,0,0,0,1,0,0
6,91,0,0,0,1,0,0
6,92,0,0,0,1,0,0
6,93,0,0,0,1,0,0
6,94,0,0,0,1,0,0
6,95,0,0,0,1,0,0
6,96,0,0,0,1,0,0
6,97,0,0,0,1,0,0
6,98,0,0,0,1,0,0
6,99,0,0,0,1,0,0
6,100,0,0,0,1,0,0
6,101,0,0,0,1,0,0
6,102,0,0,0,1,0,0
6,103,0,0,0,1,0,0
6,104,0,0,0,1,0,0
6,105,0,0,0,1,0,0
6,106,0,0,0,1,0,0
6,107,0,0,0,1,0,0
6,108,0,0,0,1,0,0
6,109,0,0,0,1,0,0
6,110,0,0,0,1,0,0
6,111,0,0,0,1,0,0
6,112,0,0,0,1,0,0
6,113,0,0,0,1,0,0
6,114,0,0,0,1,0,0
6,115,0,0,0,1,0,0
6,116,0,0,0,1,0,0
6,117,0,0,0,1,0,0
6,118,0,0,0,1,0,0
6,119,0,0,0,1,0,0
6,120,0,0,0,1,0,0
6,121,0,0,0,1,0,0
6,122,0,0,0,1,0,0
6,123,0,0,0,1,0,0
6,124,0,0,0,1,0,0
6,125,0,0,0,1,0,0
6,126,0,0,0,1,0,0
6,127,0,0,0,1,0,0
6,128,0,0,0,1,0,0
7,0,0,0,0,0,0,0
7,1,0,0,0,1,0,0
7,2,0,0,0,1,0,0
7,3,0,0,0,1,0,0
7,4,0,0,0,1,0,0
7,5,0,0,0,1,0,0
7,6,0,0,0,1,0,0
7,7,0,0,0,1,0,0
7,8,0,0,0,1,0,0
7,9,0,0,0,1,0,0
7,10,0,0,0,1,0,0
7,11,0,0,0,1,0,0
7,12,0,0,0,1,0,0
7,13,0,0,0,1,0,0
7,14,0,0,0,1,0,0
7,15,0,0,0,1,0,0
7,16,0,0,0,1,0,0
7,17,0,0,0,1,0,0
7,18,0,0,0,1,0,0
7,19,0,0,0,1,0,0
7,20,0,0,0,1,0,0
7,21,0,0,0,1,0,0
7,22,0,0,0,1,0,0
7,23,0,0,0,1,0,0
7,24,0,0,0,1,0,0
7,25,0,0,0,1,0,0
7,26,0,0,0,1,0,0
7,27,0,0,0,1,0,0
7,28,0,0,0,1,0,0
7,29,0,0,0,1,0,0
7,30,0,0,0,1,0,0
7,31,0,0,0,1,0,0
7,32,0,0,0,1,0,0
7,33,0,0,0,1,0,0
7,34,0,0,0,1,0,0
7,35,0,0,0,1,0,0
7,36,0,0,0,1,0,0
7,37,0,0,0,1,0,0
7,38,0,0,0,1,0,0
7,39,0,0,0,1,0,0
7,40,0,0,0,1,0,0
7,41,0,0,0,1,0,0
7,42,0,0,0,1,0,0
7,43,0,0,0,1,0,0
7,44,0,0,0,1,0,0
7,45,0,0,0,1,0,0
7,46,0,0,0,1,0,0
7,47,0,0,0,1,0,0
7,48,0,0,0,1,0,0
7,49,0,0,0,1,0,0
7,50,0,0,0,1,0,0
7,51,0,0,0,1,0,0
7,52,0,0,0,1,0,0
7,53,0,0,0,1,0,0
7,54,0,0,0,1,0,0
7,55,0,0,0,1,0,0
7,56,0,0,0,1,0,0
7,57,0,0,0,1,0,0
7,58,0,0,0,1,0,0
7,59,0,0,0,1,0,0
7,60,0,0,0,1,0,0
7,61,0,0,0,1,0,0
7,62,0,0,0,1,0,0
7,63,0,0,0,1,0,0
7,64,0,0,0,1,0,0
7,65,0,0,0,1,0,0
7,66,0,0,0,1,0,0
7,67,0,0,0,1,0,0
7,68,0,0,0,1,0,0
7,69,0,0,0,1,0,0
7,70,0,0,0,1,0,0
7,71,0,0,0,1,0,0
7,72,0,0,0,1,0,0
7,73,0,0,0,1,0,0
7,74,0,0,0,1,0,0
7,75,0,0,0,1,0,0
7,76,0,0,0,1,0,0
7,77,0,0,0,1,0,0
7,78,0,0,0,1,0,0
7,79,0,0,0,1,0,0
7,80,0,0,0,1,0,0
7,81,0,0,0,1,0,0
7,82,0,0,0,1,0,0
7,83,0,0,0,1,0,0
7,84,0,0,0,1,0,0
7,85,0,0,0,1,0,0
7,86,0,0,0,1,0,0
7,87,0,0,0,1,0,0
7,88,0,0,0,1,0,0
7,89,0,0,0,1,0,0
7,90,0,0,0,1,0,0
7,91,0,0,0,1,0,0
7,92,0,0,0,1,0,0
7,93,0,0,0,1,0,0
7,94,0,0,0,1,0,0
7,95,0,0,0,1,0,0
7,96,0,0,0,1,0,0
7,97,0,0,0,1,0,0
7,98,0,0,0,1,0,0
7,99,0,0,0,1,0,0
7,100,0,0,0,1,0,0
7,101,0,0,0,1,0,0
7,102,0,0,0,1,0,0
7,103,0,0,0,1,0,0
7,104,0,0,0,1,0,0
7,105,0,0,0,1,0,0
7,106,0,0,0,1,0,0
7,107,0,0,0,1,0,0
7,108,0,0,0,1,0,0
7,109,0,0,0,1,0,0
7,110,0,0,0,1,0,0
7,111,0,0,0,1,0,0
7,112,0,0,0,1,0,0
7,113,0,0,0,1,0,0
7,114,0,0,0,1,0,0
7,115,0,0,0,1,0,0
7,116,0,0,0,1,0,0
7,117,0,0,0,1,0,0
7,118,0,0,0,1,0,0
7,119,0,0,0,1,0,0
7,120,0,0,0,1,0,0
7,121,0,0,0,1,0,0
7,122,0,0,0,1,0,0
7,123,0,0,0,1,0,0
7,124,0,0,0,1,0,0
7,125,0,0,0,1,0,0
7,126,0,0,0,1,0,0
7,127,0,0,0,1,0,0
7,128,0,0,0,1,0,0
8,0,0,0,0,0,0,0
8,1,0,0,0,1,0,0
8,2,0,0,0,1,0,0
8,3,0,0,0,1,0,0
8,4,0,0,0,1,0,0
8,5,0,0,0,1,0,0
8,6,0,0,0,1,0,0
8,7,0,0,0,1,0,0
8,8,0,0,0,1,0,0
8,9,0,0,0,1,0,0
8,10,0,0,0,1,0,0
8,11,0,0,0,1,0,0
8,12,0,0,0,1,0,0
8,13,0,0,0,1,0,0
8,14,0,0,0,1,0,0
8,15,0,0,0,1,0,0
8,16,0,0,0,1,0,0
8,17,0,0,0,1,0,0
8,18,0,0,0,1,0,0
8,19,0,0,0,1,0,0
8,20,0,0,0,1,0,0
8,21,0,0,0,1,0,0
8,22,0,0,0,1,0,0
8,23,0,0,0,1,0,0
8,24,0,0,0,1,0,0
8,25,0,0,0,1,0,0
8,26,0,0,0,1,0,0
8,27,0,0,0,1,0,0
8,28,0,0,0,1,0,0
8,29,0,0,0,1,0,0
8,30,0,0,0,1,0,0
8,31,0,0,0,1,0,0
8,32,0,0,0,1,0,0
8,33,0,0,0,1,0,0
8,34,0,0,0,1,0,0
8,35,0,0,0,1,0,0
8,36,0,0,0,1,0,0
8,37,0,0,0,1,0,0
8,38,0,0,0,1,0,0
8,39,0,0,0,1,0,0
8,40,0,0,0,1,0,0
8,41,0,0,0,1,0,0
8,42,0,0,0,1,0,0
8,43,0,0,0,1,0,0
8,44,0,0,0,1,0,0
8,45,0,0,0,1,0,0
8,46,0,0,0,1,0,0
8,47,0,0,0,1,0,0
8,48,0,0,0,1,0,0
8,49,0,0,0,1,0,0
8,50,0,0,0,1,0,0
8,51,0,0,0,1,0,0
8,52,0,0,0,1,0,0
8,53,0,0,0,1,0,0
8,54,0,0,0,1,0,0
8,55,0,0,0,1,0,0
8,56,0,0,0,1,0,0
8,57,0,0,0,1,0,0
8,58,0,0,0,1,0,0
8,59,0,0,0,1,0,0
8,60,0,0,0,1,0,0
8,61,0,0,0,1,0,0
8,62,0,0,0,1,0,0
8,63,0,0,0,1,0,0
8,64,0,0,0,1,0,0
8,65,0,0,0,1,0,0
8,66,0,0,0,1,0,0
8,67,0,0,0,1,0,0
8,68,0,0,0,1,0,0
8,69,0,0,0,1,0,0
8,70,0,0,0,1,0,0
8,71,0,0,0,1,0,0
8,72,0,0,0,1,0,0
8,73,0,0,0,1,0,0
8,74,0,0,0,1,0,0
8,75,0,0,0,1,0,0
8,76,0,0,0,1,0,0
8,77,0,0,0,1,0,0
8,78,0,0,0,1,0,0
8,79,0,0,0,1,0,0
8,80,0,0,0,1,0,0
8,81,0,0,0,1,0,0
8,82,0,0,0,1,0,0
8,83,0,0,0,1,0,0
8,84,0,0,0,1,0,0
8,85,0,0,0,1,0,0
8,86,0,0,0,1,0,0
8,87,0,0,0,1,0,0
8,88,0,0,0,1,0,0
8,89,0,0,0,1,0,0
8,90,0,0,0,1,0,0
8,91,0,0,0,1,0,0
8,92,0,0,0,1,0,0
8,93,0,0,0,1,0,0
8,94,0,0,0,1,0,0
8,95,0,0,0,1,0,0
8,96,0,0,0,1,0,0
8,97,0,0,0,1,0,0
8,98,0,0,0,1,0,0
8,99,0,0,0,1,0,0
8,100,0,0,0,1,0,0
8,101,0,0,0,1,0,0
8,102,0,0,0,1,0,0
8,103,0,0,0,1,0,0
8,104,0,0,0,1,0,0
8,105,0,0,0,1,0,0
8,106,0,0,0,1,0,0
8,107,0,0,0,1,0,0
8,108,0,0,0,1,0,0
8,109,0,0,0,1,0,0
8,110,0,0,0,1,0,0
8,111,0,0,0,1,0,0
8,112,0,0,0,1,0,0
8,113,0,0,0,1,0,0
8,114,0,0,0,1,0,0
8,115,0,0,0,1,0,0
8,116,0,0,0,1,0,0
8,117,0,0,0,1,0,0
8,118,0,0,0,1,0,0
8,119,0,0,0,1,0,0
8,120,0,0,0,1,0,0
8,121,0,0,0,1,0,0
8,122,0,0,0,1,0,0
8,123,0,0,0,1,0,0
8,124,0,0,0,1,0,0
8,125,0,0,0,1,0,0
8,126,0,0,0,1,0,0
8,127,0,0,0,1,0,0
8,128,0,0,0,1,0,0
