case_id,scope,threshold2,input_samples,output_samples,frames,tau_last,unique_bins,unique_suppressed_bins,eligible_unique_bins,eligible_suppressed_bins,eligible_kept_mag2,eligible_total_mag2,sum_abs_err,sum_sq_err,max_abs_err,error_sample_count
multitone_dense,fixed_1024,0,1024,1536,9,1152,1161,0,1152,0,598073269204618,598073269204618,0,0,0,1536
multitone_masked,fixed_1024,100000000000,1024,1536,9,1152,1161,1072,1152,1072,593353860378778,598073269204618,14386,792462,211,1536
zeros_dense,fixed_1024,0,1024,1536,9,1152,1161,0,1152,0,0,0,0,0,0,1536
zeros_masked,fixed_1024,100000000000,1024,1536,9,1152,1161,1152,1152,1152,0,0,0,0,0,1536
alternating_extremes_dense,fixed_1024,0,1024,1536,9,1152,1161,0,1152,0,18005550517999493,18005550517999493,0,0,0,1536
alternating_extremes_masked,fixed_1024,100000000000,1024,1536,9,1152,1161,1039,1152,1039,17990156033738317,18005550517999493,13416,2783890,744,1536
dc_positive_extreme_dense,fixed_1024,0,1024,1536,9,1152,1161,0,1152,0,4321137221233885,4321137221233885,0,0,0,1536
dc_positive_extreme_masked,fixed_1024,100000000000,1024,1536,9,1152,1161,1048,1152,1048,4305715906486020,4321137221233885,13386,2798710,748,1536
dc_negative_extreme_dense,fixed_1024,0,1024,1536,9,1152,1161,0,1152,0,4325359810783636,4325359810783636,0,0,0,1536
dc_negative_extreme_masked,fixed_1024,100000000000,1024,1536,9,1152,1161,1048,1152,1048,4309923447432584,4325359810783636,13394,2799690,748,1536
broadband_dense,fixed_1024,0,1024,1536,9,1152,1161,0,1152,0,6048110906786524,6048110906786524,0,0,0,1536
broadband_masked,fixed_1024,100000000000,1024,1536,9,1152,1161,44,1152,44,6043898906834788,6048110906786524,18949,491115,81,1536
boundary_transients_dense,fixed_1024,0,1024,1536,9,1152,1161,0,1152,0,211005627226407,211005627226407,0,0,0,1536
boundary_transients_masked,fixed_1024,100000000000,1024,1536,9,1152,1161,800,1152,800,189760822790657,211005627226407,25486,4948496,577,1536
finite_Ns1_dense,finite_geometry,0,1,512,1,128,129,0,128,0,17523466567680,17523466567680,0,0,0,512
finite_Ns1_masked,finite_geometry,100000000000,1,512,1,128,129,128,128,128,0,17523466567680,3340,4169824,2040,512
finite_Ns127_masked,finite_geometry,100000000000,127,640,2,256,258,9,256,9,784296017574834,784898010411642,3705,68069,51,640
finite_Ns128_masked,finite_geometry,100000000000,128,640,2,256,258,11,256,11,784080802108358,784904395140084,4264,97676,55,640
finite_Ns129_masked,finite_geometry,100000000000,129,640,2,256,258,9,256,9,786034519847460,787112643274114,5032,128458,69,640
