cycle,sample_idx,y_out
17428,0,0
17430,1,0
17432,2,0
17434,3,0
17436,4,0
17438,5,0
17440,6,0
17442,7,0
17444,8,0
17446,9,0
17448,10,0
17450,11,0
17452,12,0
17454,13,0
17456,14,0
17458,15,0
17460,16,0
17462,17,0
17464,18,0
17466,19,0
17468,20,0
17470,21,0
17472,22,0
17474,23,0
17476,24,0
17478,25,0
17480,26,0
17482,27,0
17484,28,0
17486,29,0
17488,30,0
17490,31,0
17492,32,0
17494,33,0
17496,34,0
17498,35,0
17500,36,0
17502,37,0
17504,38,0
17506,39,0
17508,40,0
17510,41,0
17512,42,0
17514,43,0
17516,44,0
17518,45,0
17520,46,0
17522,47,0
17524,48,0
17526,49,0
17528,50,0
17530,51,0
17532,52,0
17534,53,0
17536,54,0
17538,55,0
17540,56,0
17542,57,0
17544,58,0
17546,59,0
17548,60,0
17550,61,0
17552,62,0
17554,63,0
17556,64,0
17558,65,0
17560,66,0
17562,67,0
17564,68,0
17566,69,0
17568,70,0
17570,71,0
17572,72,0
17574,73,0
17576,74,0
17578,75,0
17580,76,0
17582,77,0
17584,78,0
17586,79,0
17588,80,0
17590,81,0
17592,82,0
17594,83,0
17596,84,0
17598,85,0
17600,86,0
17602,87,0
17604,88,0
17606,89,0
17608,90,0
17610,91,0
17612,92,0
17614,93,0
17616,94,0
17618,95,0
17620,96,0
17622,97,0
17624,98,0
17626,99,0
17628,100,0
17630,101,0
17632,102,0
17634,103,0
17636,104,0
17638,105,0
17640,106,0
17642,107,0
17644,108,0
17646,109,0
17648,110,0
17650,111,0
17652,112,0
17654,113,0
17656,114,0
17658,115,0
17660,116,0
17662,117,0
17664,118,0
17666,119,0
17668,120,0
17670,121,0
17672,122,0
17674,123,0
17676,124,0
17678,125,0
17680,126,0
17682,127,0
26123,128,0
26125,129,0
26127,130,0
26129,131,0
26131,132,0
26133,133,0
26135,134,0
26137,135,0
26139,136,0
26141,137,0
26143,138,0
26145,139,0
26147,140,0
26149,141,0
26151,142,0
26153,143,0
26155,144,0
26157,145,0
26159,146,0
26161,147,0
26163,148,0
26165,149,0
26167,150,0
26169,151,0
26171,152,0
26173,153,0
26175,154,0
26177,155,0
26179,156,0
26181,157,0
26183,158,0
26185,159,0
26187,160,0
26189,161,0
26191,162,0
26193,163,0
26195,164,0
26197,165,0
26199,166,0
26201,167,0
26203,168,0
26205,169,0
26207,170,0
26209,171,0
26211,172,0
26213,173,0
26215,174,0
26217,175,0
26219,176,0
26221,177,0
26223,178,0
26225,179,0
26227,180,0
26229,181,0
26231,182,0
26233,183,0
26235,184,0
26237,185,0
26239,186,0
26241,187,0
26243,188,0
26245,189,0
26247,190,0
26249,191,0
26251,192,0
26253,193,0
26255,194,0
26257,195,0
26259,196,0
26261,197,0
26263,198,0
26265,199,0
26267,200,0
26269,201,0
26271,202,0
26273,203,0
26275,204,0
26277,205,0
26279,206,0
26281,207,0
26283,208,0
26285,209,0
26287,210,0
26289,211,0
26291,212,0
26293,213,0
26295,214,0
26297,215,0
26299,216,0
26301,217,0
26303,218,0
26305,219,0
26307,220,0
26309,221,0
26311,222,0
26313,223,0
26315,224,0
26317,225,0
26319,226,0
26321,227,0
26323,228,0
26325,229,0
26327,230,0
26329,231,0
26331,232,0
26333,233,0
26335,234,0
26337,235,0
26339,236,0
26341,237,0
26343,238,0
26345,239,0
26347,240,0
26349,241,0
26351,242,0
26353,243,0
26355,244,0
26357,245,0
26359,246,0
26361,247,0
26363,248,0
26365,249,0
26367,250,0
26369,251,0
26371,252,0
26373,253,0
26375,254,0
26377,255,0
34818,256,0
34820,257,0
34822,258,0
34824,259,0
34826,260,0
34828,261,0
34830,262,0
34832,263,0
34834,264,0
34836,265,0
34838,266,0
34840,267,0
34842,268,0
34844,269,0
34846,270,0
34848,271,0
34850,272,0
34852,273,0
34854,274,0
34856,275,0
34858,276,0
34860,277,0
34862,278,0
34864,279,0
34866,280,0
34868,281,0
34870,282,0
34872,283,0
34874,284,0
34876,285,0
34878,286,0
34880,287,0
34882,288,0
34884,289,0
34886,290,0
34888,291,0
34890,292,0
34892,293,0
34894,294,0
34896,295,0
34898,296,0
34900,297,0
34902,298,0
34904,299,0
34906,300,0
34908,301,0
34910,302,0
34912,303,0
34914,304,0
34916,305,0
34918,306,0
34920,307,0
34922,308,0
34924,309,0
34926,310,0
34928,311,0
34930,312,0
34932,313,0
34934,314,0
34936,315,0
34938,316,0
34940,317,0
34942,318,0
34944,319,0
34946,320,0
34948,321,0
34950,322,0
34952,323,0
34954,324,0
34956,325,0
34958,326,0
34960,327,0
34962,328,0
34964,329,0
34966,330,0
34968,331,0
34970,332,0
34972,333,0
34974,334,0
34976,335,0
34978,336,0
34980,337,0
34982,338,0
34984,339,0
34986,340,0
34988,341,0
34990,342,0
34992,343,0
34994,344,0
34996,345,0
34998,346,0
35000,347,0
35002,348,0
35004,349,0
35006,350,0
35008,351,0
35010,352,0
35012,353,0
35014,354,0
35016,355,0
35018,356,0
35020,357,0
35022,358,0
35024,359,0
35026,360,0
35028,361,0
35030,362,0
35032,363,0
35034,364,0
35036,365,0
35038,366,0
35040,367,0
35042,368,0
35044,369,0
35046,370,0
35048,371,0
35050,372,0
35052,373,0
35054,374,0
35056,375,0
35058,376,0
35060,377,0
35062,378,0
35064,379,0
35066,380,0
35068,381,0
35070,382,0
35072,383,0
43513,384,61
43515,385,308
43517,386,490
43519,387,577
43521,388,560
43523,389,450
43525,390,275
43527,391,72
43529,392,-122
43531,393,-279
43533,394,-380
43535,395,-420
43537,396,-405
43539,397,-345
43541,398,-253
43543,399,-139
43545,400,-14
43547,401,116
43549,402,241
43551,403,348
43553,404,422
43555,405,446
43557,406,406
43559,407,298
43561,408,127
43563,409,-82
43565,410,-297
43567,411,-477
43569,412,-584
43571,413,-591
43573,414,-488
43575,415,-292
43577,416,-36
43579,417,231
43581,418,458
43583,419,599
43585,420,630
43587,421,546
43589,422,367
43591,423,132
43593,424,-113
43595,425,-323
43597,426,-464
43599,427,-518
43601,428,-486
43603,429,-384
43605,430,-238
43607,431,-75
43609,432,80
43611,433,210
43613,434,306
43615,435,364
43617,436,384
43619,437,366
43621,438,308
43623,439,213
43625,440,82
43627,441,-74
43629,442,-238
43631,443,-386
43633,444,-488
43635,445,-520
43637,446,-466
43639,447,-324
43641,448,-112
43643,449,134
43645,450,369
43647,451,548
43649,452,631
43651,453,599
43653,454,456
43655,455,229
43657,456,-38
43659,457,-294
43661,458,-489
43663,459,-590
43665,460,-582
43667,461,-475
43669,462,-295
43671,463,-81
43673,464,127
43675,465,296
43677,466,404
43679,467,444
43681,468,421
43683,469,348
43685,470,242
43687,471,118
43689,472,-11
43691,473,-137
43693,474,-252
43695,475,-345
43697,476,-406
43699,477,-422
43701,478,-382
43703,479,-280
43705,480,-123
43707,481,73
43709,482,277
43711,483,452
43713,484,562
43715,485,578
43717,486,490
43719,487,307
43721,488,59
43723,489,-207
43725,490,-439
43727,491,-593
43729,492,-637
43731,493,-565
43733,494,-392
43735,495,-155
43737,496,100
43739,497,323
43741,498,477
43743,499,541
43745,500,511
43747,501,404
43749,502,246
43751,503,69
43753,504,-98
43755,505,-235
43757,506,-330
43759,507,-380
43761,508,-386
43763,509,-354
43765,510,-287
43767,511,-188
52208,512,-61
52210,513,84
52212,514,234
52214,515,369
52216,516,464
52218,517,496
52220,518,449
52222,519,320
52224,520,122
52226,521,-113
52228,522,-344
52230,523,-526
52232,524,-619
52234,525,-601
52236,526,-471
52238,527,-252
52240,528,14
52242,529,276
52244,530,483
52246,531,598
52248,532,602
52250,533,500
52252,534,318
52254,535,94
52256,536,-127
52258,537,-310
52260,538,-427
52262,539,-469
52264,540,-440
52266,541,-356
52268,542,-236
52270,543,-100
52272,544,36
52274,545,161
52276,546,266
52278,547,347
52280,548,394
52282,549,400
52284,550,357
52286,551,260
52288,552,113
52290,553,-68
52292,554,-260
52294,555,-428
52296,556,-538
52298,557,-562
52300,558,-486
52302,559,-317
52304,560,-80
52306,561,181
52308,562,418
52310,563,582
52312,564,640
52314,565,581
52316,566,416
52318,567,179
52320,568,-82
52322,569,-318
52324,570,-486
52326,571,-560
52328,572,-536
52330,573,-426
52332,574,-259
52334,575,-68
52336,576,112
52338,577,258
52340,578,355
52342,579,398
52344,580,393
52346,581,347
52348,582,268
52350,583,163
52352,584,38
52354,585,-98
52356,586,-235
52358,587,-356
52360,588,-442
52362,589,-471
52364,590,-429
52366,591,-311
52368,592,-127
52370,593,96
52372,594,320
52374,595,502
52376,596,603
52378,597,598
52380,598,482
52382,599,274
52384,600,11
52386,601,-255
52388,602,-472
52390,603,-601
52392,604,-618
52394,605,-524
52396,606,-342
52398,607,-111
52400,608,123
52402,609,319
52404,610,447
52406,611,494
52408,612,462
52410,613,368
52412,614,234
52414,615,85
52416,616,-59
52418,617,-185
52420,618,-285
52422,619,-353
52424,620,-387
52426,621,-381
52428,622,-332
52430,623,-237
52432,624,-100
52434,625,69
52436,626,247
52438,627,406
52440,628,513
52442,629,542
52444,630,478
52446,631,323
52448,632,98
52450,633,-157
52452,634,-394
52454,635,-567
52456,636,-638
52458,637,-592
52460,638,-437
52462,639,-204
60903,640,61
60905,641,308
60907,642,490
60909,643,577
60911,644,560
60913,645,450
60915,646,275
60917,647,72
60919,648,-122
60921,649,-279
60923,650,-380
60925,651,-420
60927,652,-405
60929,653,-345
60931,654,-253
60933,655,-139
60935,656,-14
60937,657,116
60939,658,241
60941,659,348
60943,660,422
60945,661,446
60947,662,406
60949,663,298
60951,664,127
60953,665,-82
60955,666,-297
60957,667,-477
60959,668,-584
60961,669,-591
60963,670,-488
60965,671,-292
60967,672,-36
60969,673,231
60971,674,458
60973,675,599
60975,676,630
60977,677,546
60979,678,367
60981,679,132
60983,680,-113
60985,681,-323
60987,682,-464
60989,683,-518
60991,684,-486
60993,685,-384
60995,686,-238
60997,687,-75
60999,688,80
61001,689,210
61003,690,306
61005,691,364
61007,692,384
61009,693,366
61011,694,308
61013,695,213
61015,696,82
61017,697,-74
61019,698,-238
61021,699,-386
61023,700,-488
61025,701,-520
61027,702,-466
61029,703,-324
61031,704,-112
61033,705,134
61035,706,369
61037,707,548
61039,708,631
61041,709,599
61043,710,456
61045,711,229
61047,712,-38
61049,713,-294
61051,714,-489
61053,715,-590
61055,716,-582
61057,717,-475
61059,718,-295
61061,719,-81
61063,720,127
61065,721,296
61067,722,404
61069,723,444
61071,724,421
61073,725,348
61075,726,242
61077,727,118
61079,728,-11
61081,729,-137
61083,730,-252
61085,731,-345
61087,732,-406
61089,733,-422
61091,734,-382
61093,735,-280
61095,736,-123
61097,737,73
61099,738,277
61101,739,452
61103,740,562
61105,741,578
61107,742,490
61109,743,307
61111,744,59
61113,745,-207
61115,746,-439
61117,747,-593
61119,748,-637
61121,749,-565
61123,750,-392
61125,751,-155
61127,752,100
61129,753,323
61131,754,477
61133,755,541
61135,756,511
61137,757,404
61139,758,246
61141,759,69
61143,760,-98
61145,761,-235
61147,762,-330
61149,763,-380
61151,764,-386
61153,765,-354
61155,766,-287
61157,767,-188
69598,768,-61
69600,769,84
69602,770,234
69604,771,369
69606,772,464
69608,773,496
69610,774,449
69612,775,320
69614,776,122
69616,777,-113
69618,778,-344
69620,779,-526
69622,780,-619
69624,781,-601
69626,782,-471
69628,783,-252
69630,784,14
69632,785,276
69634,786,483
69636,787,598
69638,788,602
69640,789,500
69642,790,318
69644,791,94
69646,792,-127
69648,793,-310
69650,794,-427
69652,795,-469
69654,796,-440
69656,797,-356
69658,798,-236
69660,799,-100
69662,800,36
69664,801,161
69666,802,266
69668,803,347
69670,804,394
69672,805,400
69674,806,357
69676,807,260
69678,808,113
69680,809,-68
69682,810,-260
69684,811,-428
69686,812,-538
69688,813,-562
69690,814,-486
69692,815,-317
69694,816,-80
69696,817,181
69698,818,418
69700,819,582
69702,820,640
69704,821,581
69706,822,416
69708,823,179
69710,824,-82
69712,825,-318
69714,826,-486
69716,827,-560
69718,828,-536
69720,829,-426
69722,830,-259
69724,831,-68
69726,832,112
69728,833,258
69730,834,355
69732,835,398
69734,836,393
69736,837,347
69738,838,268
69740,839,163
69742,840,38
69744,841,-98
69746,842,-235
69748,843,-356
69750,844,-442
69752,845,-471
69754,846,-429
69756,847,-311
69758,848,-127
69760,849,96
69762,850,320
69764,851,502
69766,852,603
69768,853,598
69770,854,482
69772,855,274
69774,856,11
69776,857,-255
69778,858,-472
69780,859,-601
69782,860,-618
69784,861,-524
69786,862,-342
69788,863,-111
69790,864,123
69792,865,319
69794,866,447
69796,867,494
69798,868,462
69800,869,368
69802,870,234
69804,871,85
69806,872,-59
69808,873,-185
69810,874,-285
69812,875,-353
69814,876,-387
69816,877,-381
69818,878,-332
69820,879,-237
69822,880,-100
69824,881,69
69826,882,247
69828,883,406
69830,884,513
69832,885,542
69834,886,478
69836,887,323
69838,888,98
69840,889,-157
69842,890,-394
69844,891,-567
69846,892,-638
69848,893,-592
69850,894,-437
69852,895,-204
78293,896,61
78295,897,308
78297,898,490
78299,899,577
78301,900,560
78303,901,450
78305,902,275
78307,903,72
78309,904,-122
78311,905,-279
78313,906,-380
78315,907,-420
78317,908,-405
78319,909,-345
78321,910,-253
78323,911,-139
78325,912,-14
78327,913,116
78329,914,241
78331,915,348
78333,916,422
78335,917,446
78337,918,406
78339,919,298
78341,920,127
78343,921,-82
78345,922,-297
78347,923,-477
78349,924,-584
78351,925,-591
78353,926,-488
78355,927,-292
78357,928,-36
78359,929,231
78361,930,458
78363,931,599
78365,932,630
78367,933,546
78369,934,367
78371,935,132
78373,936,-113
78375,937,-323
78377,938,-464
78379,939,-518
78381,940,-486
78383,941,-384
78385,942,-238
78387,943,-75
78389,944,80
78391,945,210
78393,946,306
78395,947,364
78397,948,384
78399,949,366
78401,950,308
78403,951,213
78405,952,82
78407,953,-74
78409,954,-238
78411,955,-386
78413,956,-488
78415,957,-520
78417,958,-466
78419,959,-324
78421,960,-112
78423,961,134
78425,962,369
78427,963,548
78429,964,631
78431,965,599
78433,966,456
78435,967,229
78437,968,-38
78439,969,-294
78441,970,-489
78443,971,-590
78445,972,-582
78447,973,-475
78449,974,-295
78451,975,-81
78453,976,127
78455,977,296
78457,978,404
78459,979,444
78461,980,421
78463,981,348
78465,982,242
78467,983,118
78469,984,-11
78471,985,-137
78473,986,-252
78475,987,-345
78477,988,-406
78479,989,-422
78481,990,-382
78483,991,-280
78485,992,-123
78487,993,73
78489,994,277
78491,995,452
78493,996,562
78495,997,578
78497,998,490
78499,999,307
78501,1000,59
78503,1001,-207
78505,1002,-439
78507,1003,-593
78509,1004,-637
78511,1005,-565
78513,1006,-392
78515,1007,-155
78517,1008,100
78519,1009,323
78521,1010,477
78523,1011,541
78525,1012,511
78527,1013,404
78529,1014,246
78531,1015,69
78533,1016,-98
78535,1017,-235
78537,1018,-330
78539,1019,-380
78541,1020,-386
78543,1021,-354
78545,1022,-287
78547,1023,-188
86988,1024,-61
86990,1025,84
86992,1026,234
86994,1027,369
86996,1028,464
86998,1029,496
87000,1030,449
87002,1031,320
87004,1032,122
87006,1033,-113
87008,1034,-344
87010,1035,-526
87012,1036,-619
87014,1037,-601
87016,1038,-471
87018,1039,-252
87020,1040,14
87022,1041,276
87024,1042,483
87026,1043,598
87028,1044,602
87030,1045,500
87032,1046,318
87034,1047,94
87036,1048,-127
87038,1049,-310
87040,1050,-427
87042,1051,-469
87044,1052,-440
87046,1053,-356
87048,1054,-236
87050,1055,-100
87052,1056,36
87054,1057,161
87056,1058,266
87058,1059,347
87060,1060,394
87062,1061,400
87064,1062,357
87066,1063,260
87068,1064,113
87070,1065,-68
87072,1066,-260
87074,1067,-428
87076,1068,-538
87078,1069,-562
87080,1070,-486
87082,1071,-317
87084,1072,-80
87086,1073,181
87088,1074,418
87090,1075,582
87092,1076,640
87094,1077,581
87096,1078,416
87098,1079,179
87100,1080,-82
87102,1081,-318
87104,1082,-486
87106,1083,-560
87108,1084,-536
87110,1085,-426
87112,1086,-259
87114,1087,-68
87116,1088,112
87118,1089,258
87120,1090,355
87122,1091,398
87124,1092,393
87126,1093,347
87128,1094,268
87130,1095,163
87132,1096,38
87134,1097,-98
87136,1098,-235
87138,1099,-356
87140,1100,-442
87142,1101,-471
87144,1102,-429
87146,1103,-311
87148,1104,-127
87150,1105,96
87152,1106,320
87154,1107,502
87156,1108,603
87158,1109,598
87160,1110,482
87162,1111,274
87164,1112,11
87166,1113,-255
87168,1114,-472
87170,1115,-601
87172,1116,-618
87174,1117,-524
87176,1118,-342
87178,1119,-111
87180,1120,123
87182,1121,319
87184,1122,447
87186,1123,494
87188,1124,462
87190,1125,368
87192,1126,234
87194,1127,85
87196,1128,-59
87198,1129,-185
87200,1130,-285
87202,1131,-353
87204,1132,-387
87206,1133,-381
87208,1134,-332
87210,1135,-237
87212,1136,-100
87214,1137,69
87216,1138,247
87218,1139,406
87220,1140,513
87222,1141,542
87224,1142,478
87226,1143,323
87228,1144,98
87230,1145,-157
87232,1146,-394
87234,1147,-567
87236,1148,-638
87238,1149,-592
87240,1150,-437
87242,1151,-204
87756,1152,61
87758,1153,308
87760,1154,490
87762,1155,577
87764,1156,560
87766,1157,450
87768,1158,275
87770,1159,72
87772,1160,-122
87774,1161,-279
87776,1162,-380
87778,1163,-420
87780,1164,-405
87782,1165,-345
87784,1166,-253
87786,1167,-139
87788,1168,-14
87790,1169,116
87792,1170,241
87794,1171,348
87796,1172,422
87798,1173,446
87800,1174,406
87802,1175,298
87804,1176,127
87806,1177,-82
87808,1178,-297
87810,1179,-477
87812,1180,-584
87814,1181,-591
87816,1182,-488
87818,1183,-292
87820,1184,-36
87822,1185,231
87824,1186,458
87826,1187,599
87828,1188,630
87830,1189,546
87832,1190,367
87834,1191,132
87836,1192,-113
87838,1193,-323
87840,1194,-464
87842,1195,-518
87844,1196,-486
87846,1197,-384
87848,1198,-238
87850,1199,-75
87852,1200,80
87854,1201,210
87856,1202,306
87858,1203,364
87860,1204,384
87862,1205,366
87864,1206,308
87866,1207,213
87868,1208,82
87870,1209,-74
87872,1210,-238
87874,1211,-386
87876,1212,-488
87878,1213,-520
87880,1214,-466
87882,1215,-324
87884,1216,-112
87886,1217,134
87888,1218,369
87890,1219,548
87892,1220,631
87894,1221,599
87896,1222,456
87898,1223,229
87900,1224,-38
87902,1225,-294
87904,1226,-489
87906,1227,-590
87908,1228,-582
87910,1229,-475
87912,1230,-295
87914,1231,-81
87916,1232,127
87918,1233,296
87920,1234,404
87922,1235,444
87924,1236,421
87926,1237,348
87928,1238,242
87930,1239,118
87932,1240,-11
87934,1241,-137
87936,1242,-252
87938,1243,-345
87940,1244,-406
87942,1245,-422
87944,1246,-382
87946,1247,-280
87948,1248,-123
87950,1249,73
87952,1250,277
87954,1251,452
87956,1252,562
87958,1253,578
87960,1254,490
87962,1255,307
87964,1256,59
87966,1257,-207
87968,1258,-439
87970,1259,-593
87972,1260,-637
87974,1261,-565
87976,1262,-392
87978,1263,-155
87980,1264,100
87982,1265,323
87984,1266,477
87986,1267,541
87988,1268,511
87990,1269,404
87992,1270,246
87994,1271,69
87996,1272,-98
87998,1273,-235
88000,1274,-330
88002,1275,-380
88004,1276,-386
88006,1277,-354
88008,1278,-287
88010,1279,-188
88012,1280,-61
88014,1281,84
88016,1282,234
88018,1283,369
88020,1284,464
88022,1285,496
88024,1286,449
88026,1287,320
88028,1288,122
88030,1289,-113
88032,1290,-344
88034,1291,-526
88036,1292,-619
88038,1293,-601
88040,1294,-471
88042,1295,-252
88044,1296,14
88046,1297,276
88048,1298,483
88050,1299,598
88052,1300,602
88054,1301,500
88056,1302,318
88058,1303,94
88060,1304,-127
88062,1305,-310
88064,1306,-427
88066,1307,-469
88068,1308,-440
88070,1309,-356
88072,1310,-236
88074,1311,-100
88076,1312,36
88078,1313,161
88080,1314,266
88082,1315,347
88084,1316,394
88086,1317,400
88088,1318,357
88090,1319,260
88092,1320,113
88094,1321,-68
88096,1322,-260
88098,1323,-428
88100,1324,-538
88102,1325,-562
88104,1326,-486
88106,1327,-317
88108,1328,-80
88110,1329,181
88112,1330,418
88114,1331,582
88116,1332,640
88118,1333,581
88120,1334,416
88122,1335,179
88124,1336,-82
88126,1337,-318
88128,1338,-486
88130,1339,-560
88132,1340,-536
88134,1341,-426
88136,1342,-259
88138,1343,-68
88140,1344,112
88142,1345,258
88144,1346,355
88146,1347,398
88148,1348,393
88150,1349,347
88152,1350,268
88154,1351,163
88156,1352,38
88158,1353,-98
88160,1354,-235
88162,1355,-356
88164,1356,-442
88166,1357,-471
88168,1358,-429
88170,1359,-311
88172,1360,-127
88174,1361,96
88176,1362,320
88178,1363,502
88180,1364,603
88182,1365,598
88184,1366,482
88186,1367,274
88188,1368,11
88190,1369,-255
88192,1370,-472
88194,1371,-601
88196,1372,-618
88198,1373,-524
88200,1374,-342
88202,1375,-111
88204,1376,123
88206,1377,319
88208,1378,447
88210,1379,494
88212,1380,462
88214,1381,368
88216,1382,234
88218,1383,85
88220,1384,-59
88222,1385,-185
88224,1386,-285
88226,1387,-353
88228,1388,-387
88230,1389,-381
88232,1390,-332
88234,1391,-237
88236,1392,-100
88238,1393,69
88240,1394,247
88242,1395,406
88244,1396,513
88246,1397,542
88248,1398,478
88250,1399,323
88252,1400,98
88254,1401,-157
88256,1402,-394
88258,1403,-567
88260,1404,-638
88262,1405,-592
88264,1406,-437
88266,1407,-204
88268,1408,0
88270,1409,0
88272,1410,0
88274,1411,0
88276,1412,0
88278,1413,0
88280,1414,0
88282,1415,0
88284,1416,0
88286,1417,0
88288,1418,0
88290,1419,0
88292,1420,0
88294,1421,0
88296,1422,0
88298,1423,0
88300,1424,0
88302,1425,0
88304,1426,0
88306,1427,0
88308,1428,0
88310,1429,0
88312,1430,0
88314,1431,0
88316,1432,0
88318,1433,0
88320,1434,0
88322,1435,0
88324,1436,0
88326,1437,0
88328,1438,0
88330,1439,0
88332,1440,0
88334,1441,0
88336,1442,0
88338,1443,0
88340,1444,0
88342,1445,0
88344,1446,0
88346,1447,0
88348,1448,0
88350,1449,0
88352,1450,0
88354,1451,0
88356,1452,0
88358,1453,0
88360,1454,0
88362,1455,0
88364,1456,0
88366,1457,0
88368,1458,0
88370,1459,0
88372,1460,0
88374,1461,0
88376,1462,0
88378,1463,0
88380,1464,0
88382,1465,0
88384,1466,0
88386,1467,0
88388,1468,0
88390,1469,0
88392,1470,0
88394,1471,0
88396,1472,0
88398,1473,0
88400,1474,0
88402,1475,0
88404,1476,0
88406,1477,0
88408,1478,0
88410,1479,0
88412,1480,0
88414,1481,0
88416,1482,0
88418,1483,0
88420,1484,0
88422,1485,0
88424,1486,0
88426,1487,0
88428,1488,0
88430,1489,0
88432,1490,0
88434,1491,0
88436,1492,0
88438,1493,0
88440,1494,0
88442,1495,0
88444,1496,0
88446,1497,0
88448,1498,0
88450,1499,0
88452,1500,0
88454,1501,0
88456,1502,0
88458,1503,0
88460,1504,0
88462,1505,0
88464,1506,0
88466,1507,0
88468,1508,0
88470,1509,0
88472,1510,0
88474,1511,0
88476,1512,0
88478,1513,0
88480,1514,0
88482,1515,0
88484,1516,0
88486,1517,0
88488,1518,0
88490,1519,0
88492,1520,0
88494,1521,0
88496,1522,0
88498,1523,0
88500,1524,0
88502,1525,0
88504,1526,0
88506,1527,0
88508,1528,0
88510,1529,0
88512,1530,0
88514,1531,0
88516,1532,0
88518,1533,0
88520,1534,0
88522,1535,0
