frame_idx,unique_bins,unique_suppressed_bins,eligible_unique_bins,eligible_suppressed_bins,eligible_kept_mag2,eligible_total_mag2
0,129,125,128,125,29763220723926,36736482671674
1,129,124,128,124,73138195884138,74774363785533
2,129,124,128,124,73446032910014,74762729228369
3,129,124,128,124,73138195884138,74774363785533
4,129,124,128,124,73446032910014,74762729228369
5,129,124,128,124,73138195884138,74774363785533
6,129,124,128,124,73446032910014,74762729228369
7,129,124,128,124,73138195884138,74774363785533
8,129,125,128,125,30438012052930,37951143705705
