frame_idx,stage,start_cycle,end_cycle,accepted_beats
0,window_transfer,525,1035,256
0,fft_compute,1036,8203,0
0,fft_transfer,8205,8715,256
0,canon_transfer,8719,9739,256
0,mask_transfer,8720,9740,256
0,spec_transfer,8721,9741,256
0,ifft_compute,9742,16909,0
0,ifft_transfer,16911,17421,256
0,wola_transfer,17426,17688,128
1,window_transfer,8716,9225,256
1,fft_compute,9226,16393,0
1,fft_transfer,16395,16905,256
1,canon_transfer,16909,18434,256
1,mask_transfer,16910,18435,256
1,spec_transfer,17422,18436,256
1,ifft_compute,18437,25604,0
1,ifft_transfer,25606,26116,256
1,wola_transfer,26121,26377,128
2,window_transfer,16906,17415,256
2,fft_compute,17416,24583,0
2,fft_transfer,24585,25095,256
2,canon_transfer,25099,27129,256
2,mask_transfer,25100,27130,256
2,spec_transfer,26117,27131,256
2,ifft_compute,27132,34299,0
2,ifft_transfer,34301,34811,256
2,wola_transfer,34816,35085,128
3,window_transfer,25096,25605,256
3,fft_compute,25606,32773,0
3,fft_transfer,32775,33285,256
3,canon_transfer,33289,35824,256
3,mask_transfer,33290,35825,256
3,spec_transfer,34812,35826,256
3,ifft_compute,35827,42994,0
3,ifft_transfer,42996,43506,256
3,wola_transfer,43511,43767,128
4,window_transfer,33286,33795,256
4,fft_compute,33796,40963,0
4,fft_transfer,40965,41475,256
4,canon_transfer,41479,44519,256
4,mask_transfer,41480,44520,256
4,spec_transfer,43507,44521,256
4,ifft_compute,44522,51689,0
4,ifft_transfer,51691,52201,256
4,wola_transfer,52206,52467,128
5,window_transfer,41476,41985,256
5,fft_compute,41986,49153,0
5,fft_transfer,49155,49665,256
5,canon_transfer,49669,53214,256
5,mask_transfer,49670,53215,256
5,spec_transfer,52202,53216,256
5,ifft_compute,53217,60384,0
5,ifft_transfer,60386,60896,256
5,wola_transfer,60901,61169,128
6,window_transfer,49666,50175,256
6,fft_compute,50176,57343,0
6,fft_transfer,57345,57855,256
6,canon_transfer,57859,61909,256
6,mask_transfer,57860,61910,256
6,spec_transfer,60897,61911,256
6,ifft_compute,61912,69079,0
6,ifft_transfer,69081,69591,256
6,wola_transfer,69596,69855,128
7,window_transfer,57856,58365,256
7,fft_compute,58366,65533,0
7,fft_transfer,65535,66045,256
7,canon_transfer,66049,70604,256
7,mask_transfer,66050,70605,256
7,spec_transfer,69592,70606,256
7,ifft_compute,70607,77774,0
7,ifft_transfer,77776,78286,256
7,wola_transfer,78291,78551,128
8,window_transfer,66046,66555,256
8,fft_compute,66556,73723,0
8,fft_transfer,73725,74235,256
8,canon_transfer,74239,79299,256
8,mask_transfer,74240,79300,256
8,spec_transfer,78287,79301,256
8,ifft_compute,79302,86469,0
8,ifft_transfer,86471,86981,256
8,wola_transfer,86986,88555,512
