cycle,sample_idx,x_delayed,y_out,error_i16
17427,0,0,0,0
17429,1,0,0,0
17431,2,0,0,0
17433,3,0,0,0
17435,4,0,0,0
17437,5,0,0,0
17439,6,0,0,0
17441,7,0,0,0
17443,8,0,0,0
17445,9,0,0,0
17447,10,0,0,0
17449,11,0,0,0
17451,12,0,0,0
17453,13,0,0,0
17459,14,0,0,0
17460,15,0,0,0
17462,16,0,0,0
17464,17,0,0,0
17466,18,0,0,0
17468,19,0,0,0
17470,20,0,0,0
17472,21,0,0,0
17474,22,0,0,0
17476,23,0,0,0
17478,24,0,0,0
17481,25,0,0,0
17482,26,0,0,0
17484,27,0,0,0
17486,28,0,0,0
17491,29,0,0,0
17492,30,0,0,0
17494,31,0,0,0
17496,32,0,0,0
17498,33,0,0,0
17500,34,0,0,0
17502,35,0,0,0
17504,36,0,0,0
17506,37,0,0,0
17508,38,0,0,0
17510,39,0,0,0
17512,40,0,0,0
17514,41,0,0,0
17516,42,0,0,0
17518,43,0,0,0
17520,44,0,0,0
17522,45,0,0,0
17524,46,0,0,0
17526,47,0,0,0
17528,48,0,0,0
17530,49,0,0,0
17533,50,0,0,0
17534,51,0,0,0
17536,52,0,0,0
17538,53,0,0,0
17540,54,0,0,0
17542,55,0,0,0
17544,56,0,0,0
17550,57,0,0,0
17551,58,0,0,0
17553,59,0,0,0
17555,60,0,0,0
17557,61,0,0,0
17559,62,0,0,0
17561,63,0,0,0
17563,64,0,0,0
17565,65,0,0,0
17567,66,0,0,0
17569,67,0,0,0
17571,68,0,0,0
17573,69,0,0,0
17575,70,0,0,0
17577,71,0,0,0
17580,72,0,0,0
17581,73,0,0,0
17583,74,0,0,0
17585,75,0,0,0
17587,76,0,0,0
17589,77,0,0,0
17591,78,0,0,0
17593,79,0,0,0
17595,80,0,0,0
17597,81,0,0,0
17599,82,0,0,0
17601,83,0,0,0
17603,84,0,0,0
17605,85,0,0,0
17607,86,0,0,0
17609,87,0,0,0
17611,88,0,0,0
17613,89,0,0,0
17615,90,0,0,0
17618,91,0,0,0
17619,92,0,0,0
17621,93,0,0,0
17623,94,0,0,0
17625,95,0,0,0
17627,96,0,0,0
17629,97,0,0,0
17631,98,0,0,0
17633,99,0,0,0
17635,100,0,0,0
17637,101,0,0,0
17639,102,0,0,0
17641,103,0,0,0
17643,104,0,0,0
17645,105,0,0,0
17647,106,0,0,0
17649,107,0,0,0
17651,108,0,0,0
17653,109,0,0,0
17655,110,0,0,0
17657,111,0,0,0
17659,112,0,0,0
17661,113,0,0,0
17663,114,0,0,0
17665,115,0,0,0
17667,116,0,0,0
17669,117,0,0,0
17671,118,0,0,0
17673,119,0,0,0
17675,120,0,0,0
17677,121,0,0,0
17679,122,0,0,0
17681,123,0,0,0
17683,124,0,0,0
17685,125,0,0,0
17687,126,0,0,0
17689,127,0,0,0
26122,128,0,0,0
26124,129,0,0,0
26126,130,0,0,0
26128,131,0,0,0
26130,132,0,0,0
26132,133,0,0,0
26134,134,0,0,0
26136,135,0,0,0
26138,136,0,0,0
26140,137,0,0,0
26142,138,0,0,0
26144,139,0,0,0
26146,140,0,0,0
26148,141,0,0,0
26150,142,0,0,0
26152,143,0,0,0
26154,144,0,0,0
26156,145,0,0,0
26158,146,0,0,0
26160,147,0,0,0
26162,148,0,0,0
26164,149,0,0,0
26166,150,0,0,0
26168,151,0,0,0
26170,152,0,0,0
26172,153,0,0,0
26174,154,0,0,0
26176,155,0,0,0
26178,156,0,0,0
26180,157,0,0,0
26182,158,0,0,0
26184,159,0,0,0
26186,160,0,0,0
26188,161,0,0,0
26190,162,0,0,0
26192,163,0,0,0
26194,164,0,0,0
26196,165,0,0,0
26198,166,0,0,0
26200,167,0,0,0
26202,168,0,0,0
26204,169,0,0,0
26206,170,0,0,0
26208,171,0,0,0
26210,172,0,0,0
26212,173,0,0,0
26214,174,0,0,0
26216,175,0,0,0
26218,176,0,0,0
26220,177,0,0,0
26222,178,0,0,0
26224,179,0,0,0
26226,180,0,0,0
26228,181,0,0,0
26230,182,0,0,0
26232,183,0,0,0
26234,184,0,0,0
26236,185,0,0,0
26238,186,0,0,0
26240,187,0,0,0
26242,188,0,0,0
26244,189,0,0,0
26246,190,0,0,0
26248,191,0,0,0
26250,192,0,0,0
26252,193,0,0,0
26254,194,0,0,0
26256,195,0,0,0
26258,196,0,0,0
26260,197,0,0,0
26262,198,0,0,0
26264,199,0,0,0
26266,200,0,0,0
26268,201,0,0,0
26270,202,0,0,0
26272,203,0,0,0
26274,204,0,0,0
26277,205,0,0,0
26278,206,0,0,0
26280,207,0,0,0
26282,208,0,0,0
26284,209,0,0,0
26286,210,0,0,0
26288,211,0,0,0
26290,212,0,0,0
26292,213,0,0,0
26294,214,0,0,0
26296,215,0,0,0
26298,216,0,0,0
26300,217,0,0,0
26305,218,0,0,0
26306,219,0,0,0
26308,220,0,0,0
26310,221,0,0,0
26312,222,0,0,0
26314,223,0,0,0
26316,224,0,0,0
26318,225,0,0,0
26320,226,0,0,0
26322,227,0,0,0
26324,228,0,0,0
26326,229,0,0,0
26328,230,0,0,0
26330,231,0,0,0
26332,232,0,0,0
26334,233,0,0,0
26336,234,0,0,0
26338,235,0,0,0
26340,236,0,0,0
26342,237,0,0,0
26344,238,0,0,0
26346,239,0,0,0
26348,240,0,0,0
26350,241,0,0,0
26352,242,0,0,0
26354,243,0,0,0
26356,244,0,0,0
26358,245,0,0,0
26360,246,0,0,0
26362,247,0,0,0
26364,248,0,0,0
26366,249,0,0,0
26368,250,0,0,0
26370,251,0,0,0
26372,252,0,0,0
26374,253,0,0,0
26376,254,0,0,0
26378,255,0,0,0
34817,256,0,0,0
34819,257,0,0,0
34821,258,0,0,0
34823,259,0,0,0
34825,260,0,0,0
34827,261,0,0,0
34829,262,0,0,0
34831,263,0,0,0
34833,264,0,0,0
34835,265,0,0,0
34839,266,0,0,0
34840,267,0,0,0
34842,268,0,0,0
34844,269,0,0,0
34846,270,0,0,0
34848,271,0,0,0
34850,272,0,0,0
34852,273,0,0,0
34854,274,0,0,0
34856,275,0,0,0
34858,276,0,0,0
34860,277,0,0,0
34862,278,0,0,0
34864,279,0,0,0
34866,280,0,0,0
34868,281,0,0,0
34870,282,0,0,0
34872,283,0,0,0
34874,284,0,0,0
34876,285,0,0,0
34878,286,0,0,0
34880,287,0,0,0
34882,288,0,0,0
34885,289,0,0,0
34886,290,0,0,0
34888,291,0,0,0
34890,292,0,0,0
34892,293,0,0,0
34894,294,0,0,0
34896,295,0,0,0
34898,296,0,0,0
34900,297,0,0,0
34902,298,0,0,0
34904,299,0,0,0
34906,300,0,0,0
34908,301,0,0,0
34910,302,0,0,0
34912,303,0,0,0
34914,304,0,0,0
34916,305,0,0,0
34918,306,0,0,0
34920,307,0,0,0
34922,308,0,0,0
34924,309,0,0,0
34926,310,0,0,0
34928,311,0,0,0
34930,312,0,0,0
34932,313,0,0,0
34935,314,0,0,0
34936,315,0,0,0
34938,316,0,0,0
34940,317,0,0,0
34942,318,0,0,0
34944,319,0,0,0
34946,320,0,0,0
34948,321,0,0,0
34950,322,0,0,0
34952,323,0,0,0
34958,324,0,0,0
34959,325,0,0,0
34961,326,0,0,0
34963,327,0,0,0
34965,328,0,0,0
34967,329,0,0,0
34969,330,0,0,0
34971,331,0,0,0
34973,332,0,0,0
34975,333,0,0,0
34984,334,0,0,0
34985,335,0,0,0
34987,336,0,0,0
34989,337,0,0,0
34991,338,0,0,0
34995,339,0,0,0
34996,340,0,0,0
34998,341,0,0,0
35000,342,0,0,0
35002,343,0,0,0
35004,344,0,0,0
35006,345,0,0,0
35008,346,0,0,0
35010,347,0,0,0
35012,348,0,0,0
35014,349,0,0,0
35016,350,0,0,0
35018,351,0,0,0
35020,352,0,0,0
35022,353,0,0,0
35026,354,0,0,0
35027,355,0,0,0
35029,356,0,0,0
35034,357,0,0,0
35035,358,0,0,0
35037,359,0,0,0
35039,360,0,0,0
35041,361,0,0,0
35043,362,0,0,0
35045,363,0,0,0
35047,364,0,0,0
35049,365,0,0,0
35051,366,0,0,0
35053,367,0,0,0
35055,368,0,0,0
35057,369,0,0,0
35059,370,0,0,0
35061,371,0,0,0
35063,372,0,0,0
35065,373,0,0,0
35067,374,0,0,0
35069,375,0,0,0
35071,376,0,0,0
35074,377,0,0,0
35075,378,0,0,0
35077,379,0,0,0
35081,380,0,0,0
35082,381,0,0,0
35084,382,0,0,0
35087,383,0,0,0
43512,384,61,61,0
43514,385,308,308,0
43516,386,490,490,0
43519,387,577,577,0
43520,388,560,560,0
43522,389,450,450,0
43524,390,275,275,0
43526,391,72,72,0
43528,392,-122,-122,0
43530,393,-279,-279,0
43532,394,-380,-380,0
43534,395,-420,-420,0
43536,396,-405,-405,0
43538,397,-345,-345,0
43540,398,-253,-253,0
43542,399,-139,-139,0
43544,400,-14,-14,0
43546,401,116,116,0
43548,402,241,241,0
43550,403,348,348,0
43552,404,422,422,0
43554,405,446,446,0
43556,406,406,406,0
43558,407,298,298,0
43560,408,127,127,0
43562,409,-82,-82,0
43564,410,-297,-297,0
43566,411,-477,-477,0
43568,412,-584,-584,0
43570,413,-591,-591,0
43572,414,-488,-488,0
43574,415,-292,-292,0
43576,416,-36,-36,0
43580,417,231,231,0
43581,418,458,458,0
43583,419,599,599,0
43585,420,630,630,0
43587,421,546,546,0
43589,422,367,367,0
43591,423,132,132,0
43593,424,-113,-113,0
43595,425,-323,-323,0
43597,426,-464,-464,0
43600,427,-518,-518,0
43601,428,-486,-486,0
43603,429,-384,-384,0
43605,430,-238,-238,0
43607,431,-75,-75,0
43609,432,80,80,0
43611,433,210,210,0
43613,434,306,306,0
43615,435,364,364,0
43617,436,384,384,0
43619,437,366,366,0
43621,438,308,308,0
43623,439,213,213,0
43625,440,82,82,0
43627,441,-74,-74,0
43629,442,-238,-238,0
43631,443,-386,-386,0
43633,444,-488,-488,0
43635,445,-520,-520,0
43637,446,-466,-466,0
43639,447,-324,-324,0
43641,448,-112,-112,0
43643,449,134,134,0
43645,450,369,369,0
43647,451,548,548,0
43649,452,631,631,0
43651,453,599,599,0
43653,454,456,456,0
43655,455,229,229,0
43657,456,-38,-38,0
43659,457,-294,-294,0
43661,458,-489,-489,0
43663,459,-590,-590,0
43665,460,-582,-582,0
43667,461,-475,-475,0
43669,462,-295,-295,0
43671,463,-81,-81,0
43673,464,127,127,0
43675,465,296,296,0
43677,466,404,404,0
43679,467,444,444,0
43683,468,421,421,0
43684,469,348,348,0
43686,470,242,242,0
43688,471,118,118,0
43690,472,-11,-11,0
43692,473,-137,-137,0
43694,474,-252,-252,0
43696,475,-345,-345,0
43698,476,-406,-406,0
43700,477,-422,-422,0
43702,478,-382,-382,0
43704,479,-280,-280,0
43706,480,-123,-123,0
43708,481,73,73,0
43710,482,277,277,0
43712,483,452,452,0
43714,484,562,562,0
43716,485,578,578,0
43718,486,490,490,0
43720,487,307,307,0
43722,488,59,59,0
43724,489,-207,-207,0
43726,490,-439,-439,0
43728,491,-593,-593,0
43730,492,-637,-637,0
43732,493,-565,-565,0
43734,494,-392,-392,0
43736,495,-155,-155,0
43738,496,100,100,0
43740,497,323,323,0
43742,498,477,477,0
43744,499,541,541,0
43746,500,511,511,0
43748,501,404,404,0
43750,502,246,246,0
43752,503,69,69,0
43754,504,-98,-98,0
43756,505,-235,-235,0
43758,506,-330,-330,0
43760,507,-380,-380,0
43762,508,-386,-386,0
43764,509,-354,-354,0
43766,510,-287,-287,0
43768,511,-188,-188,0
52207,512,-61,-61,0
52209,513,84,84,0
52211,514,234,234,0
52213,515,369,369,0
52215,516,464,464,0
52217,517,496,496,0
52219,518,449,449,0
52221,519,320,320,0
52223,520,122,122,0
52225,521,-113,-113,0
52227,522,-344,-344,0
52229,523,-526,-526,0
52231,524,-619,-619,0
52233,525,-601,-601,0
52235,526,-471,-471,0
52237,527,-252,-252,0
52239,528,14,14,0
52241,529,276,276,0
52243,530,483,483,0
52245,531,598,598,0
52247,532,602,602,0
52249,533,500,500,0
52251,534,318,318,0
52253,535,94,94,0
52255,536,-127,-127,0
52257,537,-310,-310,0
52259,538,-427,-427,0
52261,539,-469,-469,0
52263,540,-440,-440,0
52265,541,-356,-356,0
52267,542,-236,-236,0
52269,543,-100,-100,0
52271,544,36,36,0
52273,545,161,161,0
52275,546,266,266,0
52277,547,347,347,0
52279,548,394,394,0
52281,549,400,400,0
52283,550,357,357,0
52285,551,260,260,0
52287,552,113,113,0
52289,553,-68,-68,0
52291,554,-260,-260,0
52293,555,-428,-428,0
52295,556,-538,-538,0
52297,557,-562,-562,0
52299,558,-486,-486,0
52301,559,-317,-317,0
52303,560,-80,-80,0
52305,561,181,181,0
52307,562,418,418,0
52309,563,582,582,0
52311,564,640,640,0
52313,565,581,581,0
52315,566,416,416,0
52317,567,179,179,0
52319,568,-82,-82,0
52322,569,-318,-318,0
52323,570,-486,-486,0
52325,571,-560,-560,0
52327,572,-536,-536,0
52329,573,-426,-426,0
52331,574,-259,-259,0
52333,575,-68,-68,0
52335,576,112,112,0
52337,577,258,258,0
52339,578,355,355,0
52341,579,398,398,0
52343,580,393,393,0
52345,581,347,347,0
52347,582,268,268,0
52349,583,163,163,0
52351,584,38,38,0
52353,585,-98,-98,0
52355,586,-235,-235,0
52357,587,-356,-356,0
52359,588,-442,-442,0
52361,589,-471,-471,0
52363,590,-429,-429,0
52365,591,-311,-311,0
52367,592,-127,-127,0
52369,593,96,96,0
52371,594,320,320,0
52373,595,502,502,0
52375,596,603,603,0
52377,597,598,598,0
52379,598,482,482,0
52381,599,274,274,0
52383,600,11,11,0
52392,601,-255,-255,0
52393,602,-472,-472,0
52395,603,-601,-601,0
52397,604,-618,-618,0
52399,605,-524,-524,0
52403,606,-342,-342,0
52404,607,-111,-111,0
52406,608,123,123,0
52408,609,319,319,0
52410,610,447,447,0
52412,611,494,494,0
52414,612,462,462,0
52416,613,368,368,0
52418,614,234,234,0
52420,615,85,85,0
52422,616,-59,-59,0
52424,617,-185,-185,0
52426,618,-285,-285,0
52428,619,-353,-353,0
52430,620,-387,-387,0
52432,621,-381,-381,0
52434,622,-332,-332,0
52436,623,-237,-237,0
52438,624,-100,-100,0
52440,625,69,69,0
52442,626,247,247,0
52444,627,406,406,0
52446,628,513,513,0
52449,629,542,542,0
52450,630,478,478,0
52452,631,323,323,0
52454,632,98,98,0
52456,633,-157,-157,0
52458,634,-394,-394,0
52460,635,-567,-567,0
52462,636,-638,-638,0
52464,637,-592,-592,0
52466,638,-437,-437,0
52468,639,-204,-204,0
60902,640,61,61,0
60904,641,308,308,0
60906,642,490,490,0
60908,643,577,577,0
60910,644,560,560,0
60912,645,450,450,0
60914,646,275,275,0
60916,647,72,72,0
60918,648,-122,-122,0
60920,649,-279,-279,0
60923,650,-380,-380,0
60924,651,-420,-420,0
60926,652,-405,-405,0
60928,653,-345,-345,0
60930,654,-253,-253,0
60935,655,-139,-139,0
60936,656,-14,-14,0
60938,657,116,116,0
60940,658,241,241,0
60942,659,348,348,0
60944,660,422,422,0
60946,661,446,446,0
60948,662,406,406,0
60950,663,298,298,0
60952,664,127,127,0
60954,665,-82,-82,0
60956,666,-297,-297,0
60958,667,-477,-477,0
60960,668,-584,-584,0
60962,669,-591,-591,0
60964,670,-488,-488,0
60966,671,-292,-292,0
60968,672,-36,-36,0
60970,673,231,231,0
60972,674,458,458,0
60978,675,599,599,0
60979,676,630,630,0
60981,677,546,546,0
60983,678,367,367,0
60985,679,132,132,0
60987,680,-113,-113,0
60989,681,-323,-323,0
60991,682,-464,-464,0
60993,683,-518,-518,0
60995,684,-486,-486,0
60997,685,-384,-384,0
60999,686,-238,-238,0
61001,687,-75,-75,0
61003,688,80,80,0
61005,689,210,210,0
61008,690,306,306,0
61009,691,364,364,0
61011,692,384,384,0
61013,693,366,366,0
61015,694,308,308,0
61017,695,213,213,0
61019,696,82,82,0
61021,697,-74,-74,0
61023,698,-238,-238,0
61025,699,-386,-386,0
61027,700,-488,-488,0
61029,701,-520,-520,0
61031,702,-466,-466,0
61033,703,-324,-324,0
61040,704,-112,-112,0
61041,705,134,134,0
61043,706,369,369,0
61045,707,548,548,0
61047,708,631,631,0
61049,709,599,599,0
61051,710,456,456,0
61053,711,229,229,0
61055,712,-38,-38,0
61057,713,-294,-294,0
61059,714,-489,-489,0
61061,715,-590,-590,0
61063,716,-582,-582,0
61065,717,-475,-475,0
61067,718,-295,-295,0
61069,719,-81,-81,0
61071,720,127,127,0
61073,721,296,296,0
61075,722,404,404,0
61077,723,444,444,0
61079,724,421,421,0
61081,725,348,348,0
61083,726,242,242,0
61085,727,118,118,0
61087,728,-11,-11,0
61089,729,-137,-137,0
61091,730,-252,-252,0
61093,731,-345,-345,0
61095,732,-406,-406,0
61097,733,-422,-422,0
61099,734,-382,-382,0
61101,735,-280,-280,0
61103,736,-123,-123,0
61105,737,73,73,0
61107,738,277,277,0
61109,739,452,452,0
61111,740,562,562,0
61117,741,578,578,0
61118,742,490,490,0
61120,743,307,307,0
61122,744,59,59,0
61124,745,-207,-207,0
61126,746,-439,-439,0
61128,747,-593,-593,0
61130,748,-637,-637,0
61132,749,-565,-565,0
61134,750,-392,-392,0
61136,751,-155,-155,0
61138,752,100,100,0
61140,753,323,323,0
61142,754,477,477,0
61144,755,541,541,0
61146,756,511,511,0
61148,757,404,404,0
61150,758,246,246,0
61152,759,69,69,0
61154,760,-98,-98,0
61159,761,-235,-235,0
61160,762,-330,-330,0
61162,763,-380,-380,0
61164,764,-386,-386,0
61166,765,-354,-354,0
61168,766,-287,-287,0
61170,767,-188,-188,0
69597,768,-61,-61,0
69599,769,84,84,0
69601,770,234,234,0
69603,771,369,369,0
69605,772,464,464,0
69607,773,496,496,0
69609,774,449,449,0
69611,775,320,320,0
69613,776,122,122,0
69615,777,-113,-113,0
69617,778,-344,-344,0
69619,779,-526,-526,0
69621,780,-619,-619,0
69623,781,-601,-601,0
69625,782,-471,-471,0
69627,783,-252,-252,0
69629,784,14,14,0
69631,785,276,276,0
69633,786,483,483,0
69635,787,598,598,0
69637,788,602,602,0
69640,789,500,500,0
69641,790,318,318,0
69643,791,94,94,0
69645,792,-127,-127,0
69647,793,-310,-310,0
69653,794,-427,-427,0
69654,795,-469,-469,0
69656,796,-440,-440,0
69658,797,-356,-356,0
69660,798,-236,-236,0
69662,799,-100,-100,0
69664,800,36,36,0
69666,801,161,161,0
69668,802,266,266,0
69670,803,347,347,0
69672,804,394,394,0
69674,805,400,400,0
69676,806,357,357,0
69678,807,260,260,0
69680,808,113,113,0
69682,809,-68,-68,0
69684,810,-260,-260,0
69687,811,-428,-428,0
69688,812,-538,-538,0
69690,813,-562,-562,0
69692,814,-486,-486,0
69694,815,-317,-317,0
69696,816,-80,-80,0
69698,817,181,181,0
69700,818,418,418,0
69702,819,582,582,0
69704,820,640,640,0
69706,821,581,581,0
69708,822,416,416,0
69710,823,179,179,0
69712,824,-82,-82,0
69714,825,-318,-318,0
69716,826,-486,-486,0
69718,827,-560,-560,0
69720,828,-536,-536,0
69722,829,-426,-426,0
69724,830,-259,-259,0
69726,831,-68,-68,0
69728,832,112,112,0
69731,833,258,258,0
69732,834,355,355,0
69734,835,398,398,0
69736,836,393,393,0
69738,837,347,347,0
69740,838,268,268,0
69742,839,163,163,0
69747,840,38,38,0
69748,841,-98,-98,0
69750,842,-235,-235,0
69752,843,-356,-356,0
69754,844,-442,-442,0
69756,845,-471,-471,0
69758,846,-429,-429,0
69760,847,-311,-311,0
69762,848,-127,-127,0
69764,849,96,96,0
69766,850,320,320,0
69768,851,502,502,0
69770,852,603,603,0
69772,853,598,598,0
69774,854,482,482,0
69776,855,274,274,0
69778,856,11,11,0
69780,857,-255,-255,0
69782,858,-472,-472,0
69784,859,-601,-601,0
69786,860,-618,-618,0
69788,861,-524,-524,0
69790,862,-342,-342,0
69792,863,-111,-111,0
69794,864,123,123,0
69796,865,319,319,0
69798,866,447,447,0
69800,867,494,494,0
69802,868,462,462,0
69804,869,368,368,0
69806,870,234,234,0
69808,871,85,85,0
69810,872,-59,-59,0
69812,873,-185,-185,0
69814,874,-285,-285,0
69816,875,-353,-353,0
69818,876,-387,-387,0
69820,877,-381,-381,0
69822,878,-332,-332,0
69824,879,-237,-237,0
69826,880,-100,-100,0
69828,881,69,69,0
69830,882,247,247,0
69832,883,406,406,0
69834,884,513,513,0
69836,885,542,542,0
69838,886,478,478,0
69840,887,323,323,0
69842,888,98,98,0
69844,889,-157,-157,0
69846,890,-394,-394,0
69848,891,-567,-567,0
69850,892,-638,-638,0
69852,893,-592,-592,0
69854,894,-437,-437,0
69856,895,-204,-204,0
78292,896,61,61,0
78294,897,308,308,0
78296,898,490,490,0
78298,899,577,577,0
78305,900,560,560,0
78306,901,450,450,0
78308,902,275,275,0
78310,903,72,72,0
78312,904,-122,-122,0
78314,905,-279,-279,0
78316,906,-380,-380,0
78318,907,-420,-420,0
78320,908,-405,-405,0
78322,909,-345,-345,0
78324,910,-253,-253,0
78326,911,-139,-139,0
78328,912,-14,-14,0
78330,913,116,116,0
78332,914,241,241,0
78334,915,348,348,0
78336,916,422,422,0
78338,917,446,446,0
78340,918,406,406,0
78342,919,298,298,0
78344,920,127,127,0
78346,921,-82,-82,0
78348,922,-297,-297,0
78350,923,-477,-477,0
78352,924,-584,-584,0
78354,925,-591,-591,0
78356,926,-488,-488,0
78358,927,-292,-292,0
78360,928,-36,-36,0
78362,929,231,231,0
78364,930,458,458,0
78366,931,599,599,0
78368,932,630,630,0
78370,933,546,546,0
78372,934,367,367,0
78374,935,132,132,0
78376,936,-113,-113,0
78378,937,-323,-323,0
78380,938,-464,-464,0
78382,939,-518,-518,0
78384,940,-486,-486,0
78386,941,-384,-384,0
78388,942,-238,-238,0
78390,943,-75,-75,0
78394,944,80,80,0
78395,945,210,210,0
78397,946,306,306,0
78399,947,364,364,0
78401,948,384,384,0
78403,949,366,366,0
78405,950,308,308,0
78407,951,213,213,0
78409,952,82,82,0
78411,953,-74,-74,0
78413,954,-238,-238,0
78415,955,-386,-386,0
78417,956,-488,-488,0
78419,957,-520,-520,0
78421,958,-466,-466,0
78423,959,-324,-324,0
78425,960,-112,-112,0
78427,961,134,134,0
78429,962,369,369,0
78431,963,548,548,0
78433,964,631,631,0
78435,965,599,599,0
78437,966,456,456,0
78439,967,229,229,0
78441,968,-38,-38,0
78443,969,-294,-294,0
78445,970,-489,-489,0
78447,971,-590,-590,0
78449,972,-582,-582,0
78451,973,-475,-475,0
78453,974,-295,-295,0
78455,975,-81,-81,0
78457,976,127,127,0
78461,977,296,296,0
78462,978,404,404,0
78464,979,444,444,0
78466,980,421,421,0
78468,981,348,348,0
78470,982,242,242,0
78472,983,118,118,0
78474,984,-11,-11,0
78476,985,-137,-137,0
78478,986,-252,-252,0
78480,987,-345,-345,0
78482,988,-406,-406,0
78484,989,-422,-422,0
78486,990,-382,-382,0
78488,991,-280,-280,0
78490,992,-123,-123,0
78492,993,73,73,0
78494,994,277,277,0
78496,995,452,452,0
78498,996,562,562,0
78500,997,578,578,0
78502,998,490,490,0
78504,999,307,307,0
78506,1000,59,59,0
78508,1001,-207,-207,0
78510,1002,-439,-439,0
78512,1003,-593,-593,0
78514,1004,-637,-637,0
78516,1005,-565,-565,0
78518,1006,-392,-392,0
78520,1007,-155,-155,0
78522,1008,100,100,0
78524,1009,323,323,0
78526,1010,477,477,0
78528,1011,541,541,0
78530,1012,511,511,0
78532,1013,404,404,0
78534,1014,246,246,0
78536,1015,69,69,0
78538,1016,-98,-98,0
78540,1017,-235,-235,0
78542,1018,-330,-330,0
78544,1019,-380,-380,0
78546,1020,-386,-386,0
78548,1021,-354,-354,0
78550,1022,-287,-287,0
78552,1023,-188,-188,0
86987,1024,-61,-61,0
86989,1025,84,84,0
86991,1026,234,234,0
86993,1027,369,369,0
86995,1028,464,464,0
86999,1029,496,496,0
87000,1030,449,449,0
87002,1031,320,320,0
87004,1032,122,122,0
87009,1033,-113,-113,0
87010,1034,-344,-344,0
87012,1035,-526,-526,0
87014,1036,-619,-619,0
87016,1037,-601,-601,0
87018,1038,-471,-471,0
87020,1039,-252,-252,0
87022,1040,14,14,0
87024,1041,276,276,0
87026,1042,483,483,0
87028,1043,598,598,0
87030,1044,602,602,0
87032,1045,500,500,0
87035,1046,318,318,0
87036,1047,94,94,0
87038,1048,-127,-127,0
87041,1049,-310,-310,0
87042,1050,-427,-427,0
87044,1051,-469,-469,0
87046,1052,-440,-440,0
87048,1053,-356,-356,0
87050,1054,-236,-236,0
87052,1055,-100,-100,0
87054,1056,36,36,0
87056,1057,161,161,0
87058,1058,266,266,0
87060,1059,347,347,0
87062,1060,394,394,0
87064,1061,400,400,0
87066,1062,357,357,0
87068,1063,260,260,0
87070,1064,113,113,0
87072,1065,-68,-68,0
87074,1066,-260,-260,0
87076,1067,-428,-428,0
87078,1068,-538,-538,0
87080,1069,-562,-562,0
87082,1070,-486,-486,0
87084,1071,-317,-317,0
87086,1072,-80,-80,0
87088,1073,181,181,0
87090,1074,418,418,0
87092,1075,582,582,0
87094,1076,640,640,0
87096,1077,581,581,0
87098,1078,416,416,0
87100,1079,179,179,0
87102,1080,-82,-82,0
87104,1081,-318,-318,0
87106,1082,-486,-486,0
87108,1083,-560,-560,0
87110,1084,-536,-536,0
87112,1085,-426,-426,0
87114,1086,-259,-259,0
87116,1087,-68,-68,0
87118,1088,112,112,0
87120,1089,258,258,0
87122,1090,355,355,0
87124,1091,398,398,0
87126,1092,393,393,0
87128,1093,347,347,0
87130,1094,268,268,0
87132,1095,163,163,0
87134,1096,38,38,0
87136,1097,-98,-98,0
87138,1098,-235,-235,0
87140,1099,-356,-356,0
87142,1100,-442,-442,0
87144,1101,-471,-471,0
87146,1102,-429,-429,0
87148,1103,-311,-311,0
87151,1104,-127,-127,0
87152,1105,96,96,0
87154,1106,320,320,0
87156,1107,502,502,0
87158,1108,603,603,0
87160,1109,598,598,0
87162,1110,482,482,0
87164,1111,274,274,0
87166,1112,11,11,0
87170,1113,-255,-255,0
87171,1114,-472,-472,0
87173,1115,-601,-601,0
87175,1116,-618,-618,0
87177,1117,-524,-524,0
87179,1118,-342,-342,0
87181,1119,-111,-111,0
87183,1120,123,123,0
87185,1121,319,319,0
87187,1122,447,447,0
87189,1123,494,494,0
87191,1124,462,462,0
87193,1125,368,368,0
87195,1126,234,234,0
87197,1127,85,85,0
87199,1128,-59,-59,0
87201,1129,-185,-185,0
87203,1130,-285,-285,0
87208,1131,-353,-353,0
87209,1132,-387,-387,0
87211,1133,-381,-381,0
87213,1134,-332,-332,0
87215,1135,-237,-237,0
87217,1136,-100,-100,0
87219,1137,69,69,0
87221,1138,247,247,0
87223,1139,406,406,0
87225,1140,513,513,0
87227,1141,542,542,0
87229,1142,478,478,0
87231,1143,323,323,0
87233,1144,98,98,0
87235,1145,-157,-157,0
87237,1146,-394,-394,0
87239,1147,-567,-567,0
87241,1148,-638,-638,0
87243,1149,-592,-592,0
87245,1150,-437,-437,0
87247,1151,-204,-204,0
87761,1152,61,61,0
87763,1153,308,308,0
87765,1154,490,490,0
87767,1155,577,577,0
87769,1156,560,560,0
87771,1157,450,450,0
87773,1158,275,275,0
87775,1159,72,72,0
87777,1160,-122,-122,0
87779,1161,-279,-279,0
87781,1162,-380,-380,0
87785,1163,-420,-420,0
87786,1164,-405,-405,0
87788,1165,-345,-345,0
87790,1166,-253,-253,0
87794,1167,-139,-139,0
87795,1168,-14,-14,0
87797,1169,116,116,0
87799,1170,241,241,0
87801,1171,348,348,0
87803,1172,422,422,0
87805,1173,446,446,0
87807,1174,406,406,0
87809,1175,298,298,0
87811,1176,127,127,0
87813,1177,-82,-82,0
87815,1178,-297,-297,0
87817,1179,-477,-477,0
87819,1180,-584,-584,0
87821,1181,-591,-591,0
87823,1182,-488,-488,0
87825,1183,-292,-292,0
87827,1184,-36,-36,0
87829,1185,231,231,0
87831,1186,458,458,0
87833,1187,599,599,0
87835,1188,630,630,0
87837,1189,546,546,0
87839,1190,367,367,0
87841,1191,132,132,0
87843,1192,-113,-113,0
87845,1193,-323,-323,0
87847,1194,-464,-464,0
87849,1195,-518,-518,0
87851,1196,-486,-486,0
87853,1197,-384,-384,0
87855,1198,-238,-238,0
87857,1199,-75,-75,0
87859,1200,80,80,0
87861,1201,210,210,0
87863,1202,306,306,0
87865,1203,364,364,0
87867,1204,384,384,0
87869,1205,366,366,0
87871,1206,308,308,0
87873,1207,213,213,0
87875,1208,82,82,0
87877,1209,-74,-74,0
87879,1210,-238,-238,0
87881,1211,-386,-386,0
87883,1212,-488,-488,0
87885,1213,-520,-520,0
87887,1214,-466,-466,0
87889,1215,-324,-324,0
87891,1216,-112,-112,0
87893,1217,134,134,0
87895,1218,369,369,0
87897,1219,548,548,0
87899,1220,631,631,0
87901,1221,599,599,0
87903,1222,456,456,0
87909,1223,229,229,0
87910,1224,-38,-38,0
87912,1225,-294,-294,0
87914,1226,-489,-489,0
87916,1227,-590,-590,0
87918,1228,-582,-582,0
87920,1229,-475,-475,0
87922,1230,-295,-295,0
87924,1231,-81,-81,0
87931,1232,127,127,0
87932,1233,296,296,0
87934,1234,404,404,0
87936,1235,444,444,0
87938,1236,421,421,0
87940,1237,348,348,0
87942,1238,242,242,0
87944,1239,118,118,0
87946,1240,-11,-11,0
87948,1241,-137,-137,0
87952,1242,-252,-252,0
87953,1243,-345,-345,0
87955,1244,-406,-406,0
87958,1245,-422,-422,0
87959,1246,-382,-382,0
87961,1247,-280,-280,0
87963,1248,-123,-123,0
87965,1249,73,73,0
87967,1250,277,277,0
87969,1251,452,452,0
87971,1252,562,562,0
87973,1253,578,578,0
87975,1254,490,490,0
87977,1255,307,307,0
87979,1256,59,59,0
87983,1257,-207,-207,0
87984,1258,-439,-439,0
87986,1259,-593,-593,0
87988,1260,-637,-637,0
87990,1261,-565,-565,0
87992,1262,-392,-392,0
87994,1263,-155,-155,0
87996,1264,100,100,0
87998,1265,323,323,0
88000,1266,477,477,0
88002,1267,541,541,0
88004,1268,511,511,0
88006,1269,404,404,0
88008,1270,246,246,0
88010,1271,69,69,0
88012,1272,-98,-98,0
88014,1273,-235,-235,0
88016,1274,-330,-330,0
88018,1275,-380,-380,0
88020,1276,-386,-386,0
88022,1277,-354,-354,0
88024,1278,-287,-287,0
88026,1279,-188,-188,0
88028,1280,-61,-61,0
88030,1281,84,84,0
88032,1282,234,234,0
88034,1283,369,369,0
88036,1284,464,464,0
88038,1285,496,496,0
88040,1286,449,449,0
88042,1287,320,320,0
88044,1288,122,122,0
88046,1289,-113,-113,0
88048,1290,-344,-344,0
88050,1291,-526,-526,0
88052,1292,-619,-619,0
88054,1293,-601,-601,0
88056,1294,-471,-471,0
88058,1295,-252,-252,0
88060,1296,14,14,0
88062,1297,276,276,0
88064,1298,483,483,0
88066,1299,598,598,0
88068,1300,602,602,0
88070,1301,500,500,0
88072,1302,318,318,0
88074,1303,94,94,0
88076,1304,-127,-127,0
88078,1305,-310,-310,0
88080,1306,-427,-427,0
88082,1307,-469,-469,0
88084,1308,-440,-440,0
88089,1309,-356,-356,0
88090,1310,-236,-236,0
88092,1311,-100,-100,0
88094,1312,36,36,0
88096,1313,161,161,0
88098,1314,266,266,0
88100,1315,347,347,0
88102,1316,394,394,0
88104,1317,400,400,0
88106,1318,357,357,0
88108,1319,260,260,0
88110,1320,113,113,0
88112,1321,-68,-68,0
88115,1322,-260,-260,0
88116,1323,-428,-428,0
88118,1324,-538,-538,0
88120,1325,-562,-562,0
88123,1326,-486,-486,0
88124,1327,-317,-317,0
88126,1328,-80,-80,0
88128,1329,181,181,0
88130,1330,418,418,0
88132,1331,582,582,0
88134,1332,640,640,0
88136,1333,581,581,0
88138,1334,416,416,0
88140,1335,179,179,0
88142,1336,-82,-82,0
88146,1337,-318,-318,0
88147,1338,-486,-486,0
88149,1339,-560,-560,0
88151,1340,-536,-536,0
88153,1341,-426,-426,0
88155,1342,-259,-259,0
88157,1343,-68,-68,0
88159,1344,112,112,0
88161,1345,258,258,0
88163,1346,355,355,0
88165,1347,398,398,0
88167,1348,393,393,0
88169,1349,347,347,0
88171,1350,268,268,0
88173,1351,163,163,0
88175,1352,38,38,0
88177,1353,-98,-98,0
88179,1354,-235,-235,0
88181,1355,-356,-356,0
88183,1356,-442,-442,0
88185,1357,-471,-471,0
88187,1358,-429,-429,0
88189,1359,-311,-311,0
88191,1360,-127,-127,0
88193,1361,96,96,0
88198,1362,320,320,0
88199,1363,502,502,0
88201,1364,603,603,0
88205,1365,598,598,0
88206,1366,482,482,0
88208,1367,274,274,0
88210,1368,11,11,0
88212,1369,-255,-255,0
88214,1370,-472,-472,0
88216,1371,-601,-601,0
88218,1372,-618,-618,0
88220,1373,-524,-524,0
88222,1374,-342,-342,0
88224,1375,-111,-111,0
88226,1376,123,123,0
88228,1377,319,319,0
88230,1378,447,447,0
88232,1379,494,494,0
88234,1380,462,462,0
88236,1381,368,368,0
88238,1382,234,234,0
88240,1383,85,85,0
88242,1384,-59,-59,0
88244,1385,-185,-185,0
88246,1386,-285,-285,0
88248,1387,-353,-353,0
88250,1388,-387,-387,0
88252,1389,-381,-381,0
88254,1390,-332,-332,0
88256,1391,-237,-237,0
88258,1392,-100,-100,0
88260,1393,69,69,0
88262,1394,247,247,0
88264,1395,406,406,0
88266,1396,513,513,0
88268,1397,542,542,0
88270,1398,478,478,0
88272,1399,323,323,0
88274,1400,98,98,0
88276,1401,-157,-157,0
88278,1402,-394,-394,0
88280,1403,-567,-567,0
88283,1404,-638,-638,0
88284,1405,-592,-592,0
88286,1406,-437,-437,0
88288,1407,-204,-204,0
88290,1408,0,0,0
88292,1409,0,0,0
88294,1410,0,0,0
88296,1411,0,0,0
88298,1412,0,0,0
88300,1413,0,0,0
88302,1414,0,0,0
88304,1415,0,0,0
88306,1416,0,0,0
88308,1417,0,0,0
88310,1418,0,0,0
88312,1419,0,0,0
88314,1420,0,0,0
88316,1421,0,0,0
88318,1422,0,0,0
88322,1423,0,0,0
88323,1424,0,0,0
88325,1425,0,0,0
88328,1426,0,0,0
88329,1427,0,0,0
88331,1428,0,0,0
88333,1429,0,0,0
88335,1430,0,0,0
88337,1431,0,0,0
88339,1432,0,0,0
88341,1433,0,0,0
88343,1434,0,0,0
88345,1435,0,0,0
88347,1436,0,0,0
88349,1437,0,0,0
88354,1438,0,0,0
88355,1439,0,0,0
88357,1440,0,0,0
88359,1441,0,0,0
88361,1442,0,0,0
88363,1443,0,0,0
88365,1444,0,0,0
88367,1445,0,0,0
88369,1446,0,0,0
88371,1447,0,0,0
88373,1448,0,0,0
88375,1449,0,0,0
88377,1450,0,0,0
88379,1451,0,0,0
88381,1452,0,0,0
88383,1453,0,0,0
88385,1454,0,0,0
88393,1455,0,0,0
88394,1456,0,0,0
88396,1457,0,0,0
88398,1458,0,0,0
88400,1459,0,0,0
88402,1460,0,0,0
88404,1461,0,0,0
88406,1462,0,0,0
88408,1463,0,0,0
88410,1464,0,0,0
88412,1465,0,0,0
88414,1466,0,0,0
88416,1467,0,0,0
88418,1468,0,0,0
88420,1469,0,0,0
88422,1470,0,0,0
88424,1471,0,0,0
88426,1472,0,0,0
88428,1473,0,0,0
88430,1474,0,0,0
88432,1475,0,0,0
88434,1476,0,0,0
88436,1477,0,0,0
88438,1478,0,0,0
88440,1479,0,0,0
88442,1480,0,0,0
88444,1481,0,0,0
88446,1482,0,0,0
88448,1483,0,0,0
88450,1484,0,0,0
88452,1485,0,0,0
88454,1486,0,0,0
88456,1487,0,0,0
88458,1488,0,0,0
88460,1489,0,0,0
88462,1490,0,0,0
88464,1491,0,0,0
88466,1492,0,0,0
88468,1493,0,0,0
88470,1494,0,0,0
88472,1495,0,0,0
88474,1496,0,0,0
88476,1497,0,0,0
88478,1498,0,0,0
88480,1499,0,0,0
88482,1500,0,0,0
88484,1501,0,0,0
88486,1502,0,0,0
88489,1503,0,0,0
88490,1504,0,0,0
88492,1505,0,0,0
88494,1506,0,0,0
88496,1507,0,0,0
88498,1508,0,0,0
88500,1509,0,0,0
88502,1510,0,0,0
88504,1511,0,0,0
88506,1512,0,0,0
88508,1513,0,0,0
88510,1514,0,0,0
88512,1515,0,0,0
88514,1516,0,0,0
88516,1517,0,0,0
88518,1518,0,0,0
88520,1519,0,0,0
88522,1520,0,0,0
88524,1521,0,0,0
88526,1522,0,0,0
88531,1523,0,0,0
88532,1524,0,0,0
88534,1525,0,0,0
88539,1526,0,0,0
88540,1527,0,0,0
88542,1528,0,0,0
88544,1529,0,0,0
88546,1530,0,0,0
88548,1531,0,0,0
88550,1532,0,0,0
88552,1533,0,0,0
88554,1534,0,0,0
88556,1535,0,0,0
