signal,threshold2,input_samples,output_samples,frames,tau_last,ifft_mismatches,full_spectrum_complex_zeros,full_spectrum_bins,eligible_unique_bins,suppressed_eligible_unique_bins,rmse_full_stream_lsb,max_abs_error_lsb,sum_sq_error,error_denominator,output_file,output_sha256,original_measurement_rom_match,total_butterflies,a_complex_zero,b_complex_zero,both_complex_zero,neither_complex_zero,a_re_zero,a_im_zero,b_re_zero,b_im_zero,twiddle_axis_trivial,twiddle_identity,b_zero_axis_twiddle,b_zero_nontrivial_twiddle,real_products_zero,total_real_products,b_complex_zero_fraction,both_complex_zero_fraction
measured_multitone,0,1024,1536,9,1152,0,0,2304,1152,0,0.0,0,0,1536,outputs/measured_multitone__thr2_0.memh,718212b1cbb8fca5a60206b6a9d5b39363ae0cee8945ca792b670c035fd34117,True,9216,0,0,0,9216,0,436,63,72,3438,2295,0,0,7011,36864,0.0,0.0
measured_multitone,100000000,1024,1536,9,1152,0,1657,2304,1152,833,1.2154067391892587,19,2269,1536,outputs/measured_multitone__thr2_100000000.memh,b4ba6ccdc6cad35991e06e0701fa63aa8150a6b29897344f7d7859ea053d45da,,9216,1706,1757,903,6656,1706,2155,1806,1806,3438,2295,1545,212,10912,36864,0.1906467013888889,0.09798177083333333
measured_multitone,1000000000,1024,1536,9,1152,0,1881,2304,1152,945,3.0007594524830985,52,13831,1536,outputs/measured_multitone__thr2_1000000000.memh,bc356555417a1de8a7b79b01fe57e60501429c75b6d7073ffc88a1c52952cd53,,9216,2364,2419,1451,5884,2364,2810,2466,2466,3438,2295,1975,444,12696,36864,0.2624782986111111,0.1574435763888889
measured_multitone,10000000000,1024,1536,9,1152,0,2013,2304,1152,1011,7.14753381127598,104,78470,1536,outputs/measured_multitone__thr2_10000000000.memh,bb5832c65e3c2faac0bcd52f08b0d4afdc0fd08db300ee0f9a5c27629fa685ef,,9216,2910,3069,1983,5220,2910,3381,3111,3111,3438,2295,2295,774,14646,36864,0.3330078125,0.21516927083333334
measured_multitone,100000000000,1024,1536,9,1152,0,2135,2304,1152,1072,22.71399967531038,211,792462,1536,outputs/measured_multitone__thr2_100000000000.memh,a966f60ab30759ac64ac440cc893d74782c1020883cb4fa570ddb32ad0081c8a,True,9216,4065,4352,3141,3940,4065,4560,4390,4390,3438,2295,2718,1634,18924,36864,0.4722222222222222,0.3408203125
measured_multitone,1000000000000,1024,1536,9,1152,0,2227,2304,1152,1118,48.45749587267175,328,3606726,1536,outputs/measured_multitone__thr2_1000000000000.memh,bbfa0c598d914b49d80013174a5cbcfd42c3aa0dd7418075efe1052273e1020e,,9216,5435,6506,4857,2132,5435,6650,6524,6524,3438,2295,3132,3374,26672,36864,0.7059461805555556,0.5270182291666666
measured_multitone,10000000000000,1024,1536,9,1152,0,2281,2304,1152,1145,129.55441213299144,616,25780755,1536,outputs/measured_multitone__thr2_10000000000000.memh,a4915d0ae10b1c158aa728cac4e7c4041d9417b9ceab4c1104bcdb96ccf5e7da,,9216,6872,9111,6851,84,6872,8327,9118,9118,3438,2295,3389,5722,36556,36864,0.9886067708333334,0.7433810763888888
measured_multitone,72057594037927935,1024,1536,9,1152,0,2295,2304,1152,1152,304.67236073499237,644,142579580,1536,outputs/measured_multitone__thr2_72057594037927935.memh,df753f521e19981fdb90966bfecbd3a01b41df2375afb74ad81626772df70423,,9216,6921,9216,6921,0,6921,9216,9216,9216,3438,2295,3438,5778,36864,36864,1.0,0.7509765625
tonal_two_bin,0,1024,1536,9,1152,0,14,2304,1152,0,0.0,0,0,1536,outputs/tonal_two_bin__thr2_0.memh,571233bd2752e9d9c7117170e12cbd2802d3bab9302d65e34aec4f3134ec79a8,,9216,77,35,35,9139,266,448,287,72,3438,2295,35,0,7235,36864,0.0037977430555555555,0.0037977430555555555
tonal_two_bin,100000000,1024,1536,9,1152,0,1330,2304,1152,665,0.3365728004459065,1,174,1536,outputs/tonal_two_bin__thr2_100000000.memh,fcd30946194f072447112296aa349fdd7f54970f3ef4567bfd8d5b2f6ef7ed97,,9216,1155,1113,462,7410,1281,1512,1267,1185,3438,2295,1113,0,9356,36864,0.12076822916666667,0.050130208333333336
tonal_two_bin,1000000000,1024,1536,9,1152,0,1682,2304,1152,842,3.832597302526491,73,22562,1536,outputs/tonal_two_bin__thr2_1000000000.memh,c4b5ce85da82589b5d8fffabb3909492c9e0cde378c5f256c755bc5a8fb87c12,,9216,1550,1493,677,6850,1655,1860,1617,1561,3438,2295,1437,56,10194,36864,0.16200086805555555,0.0734592013888889
tonal_two_bin,10000000000,1024,1536,9,1152,0,1944,2304,1152,973,9.050854586722737,158,125826,1536,outputs/tonal_two_bin__thr2_10000000000.memh,f71557a176d84d54f68744b533ecad0cae20fee59fc865f786c70360f1611b1f,,9216,2901,2811,1884,5388,2964,3186,2898,2863,3438,2295,2113,698,14047,36864,0.3050130208333333,0.20442708333333334
tonal_two_bin,100000000000,1024,1536,9,1152,0,2104,2304,1152,1053,21.560371271733704,243,714009,1536,outputs/tonal_two_bin__thr2_100000000000.memh,d6daa7183ea9b1759887a98fe73ee28ffe7e0467dadc13d410854d0119b5b556,,9216,3917,4059,2936,4176,3924,4260,4095,4088,3438,2295,2611,1448,17955,36864,0.4404296875,0.3185763888888889
tonal_two_bin,1000000000000,1024,1536,9,1152,0,2178,2304,1152,1090,56.34360845332562,302,4876189,1536,outputs/tonal_two_bin__thr2_1000000000000.memh,022870dee4ae5cf7d04cce115eee07be4d4a40f1626017c6dd5afa38dec05c6b,,9216,4696,4838,3678,3360,4696,5034,4867,4867,3438,2295,2862,1976,20562,36864,0.5249565972222222,0.3990885416666667
tonal_two_bin,10000000000000,1024,1536,9,1152,0,2234,2304,1152,1118,110.2224136405568,554,18660834,1536,outputs/tonal_two_bin__thr2_10000000000000.memh,f910d977df2703a1b73b44208db2928a1d0a47618a8a095f368f073c702a97f1,,9216,5188,5394,4174,2808,5188,5538,5421,5421,3438,2295,3056,2338,22394,36864,0.5852864583333334,0.4529079861111111
tonal_two_bin,72057594037927935,1024,1536,9,1152,0,2302,2304,1152,1152,666.2049889032529,1469,681721478,1536,outputs/tonal_two_bin__thr2_72057594037927935.memh,0747dbc8f63ec1734f0dc6bc4c7db78bdfc996885d47e059b0da00e065e9a1a0,,9216,8706,9216,8706,0,8706,9216,9216,9216,3438,2295,3438,5778,36864,36864,1.0,0.9446614583333334
broadband_xorshift,0,1024,1536,9,1152,0,0,2304,1152,0,0.0,0,0,1536,outputs/broadband_xorshift__thr2_0.memh,a82e02fe98553fe13a6b0a5d6a49961d43d1f589bd4953ab0a72dec0fb8ff938,,9216,0,0,0,9216,0,430,63,72,3438,2295,0,0,7011,36864,0.0,0.0
broadband_xorshift,100000000,1024,1536,9,1152,0,0,2304,1152,0,0.0,0,0,1536,outputs/broadband_xorshift__thr2_100000000.memh,a82e02fe98553fe13a6b0a5d6a49961d43d1f589bd4953ab0a72dec0fb8ff938,,9216,0,0,0,9216,0,430,63,72,3438,2295,0,0,7011,36864,0.0,0.0
broadband_xorshift,1000000000,1024,1536,9,1152,0,2,2304,1152,1,0.2180046826714203,1,73,1536,outputs/broadband_xorshift__thr2_1000000000.memh,9f90eecbc0e9976c8bbd85fb54e2b2e1acf259f95fa9d96408d5afc732768a60,,9216,1,1,0,9214,1,431,64,73,3438,2295,1,0,7013,36864,0.00010850694444444444,0.0
broadband_xorshift,10000000000,1024,1536,9,1152,0,24,2304,1152,12,2.9536347664078804,11,13400,1536,outputs/broadband_xorshift__thr2_10000000000.memh,c1df5fcebe4c5e46cf54fff26ed24f7db5ca113ee21437cd0757ed8a6b447886,,9216,12,12,0,9192,12,442,75,84,3438,2295,12,0,7035,36864,0.0013020833333333333,0.0
broadband_xorshift,100000000000,1024,1536,9,1152,0,181,2304,1152,91,25.451316886361695,111,994974,1536,outputs/broadband_xorshift__thr2_100000000000.memh,7d529dc05c8b745b614bd26b03ee293044f0cf8fc4834ffc10282d4b30d269cd,,9216,102,109,15,9020,102,532,169,177,3438,2295,109,0,7222,36864,0.011827256944444444,0.0016276041666666667
broadband_xorshift,1000000000000,1024,1536,9,1152,0,1329,2304,1152,667,239.11423595959664,1158,87821749,1536,outputs/broadband_xorshift__thr2_1000000000000.memh,ceaf28542024019f87ccdbd1774c515a525c57311b213cec71e5a52ac12afd37,,9216,1228,1271,585,7302,1228,1668,1322,1326,3438,2295,1163,108,9740,36864,0.1379123263888889,0.0634765625
broadband_xorshift,10000000000000,1024,1536,9,1152,0,2295,2304,1152,1152,657.546796595909,1444,664116925,1536,outputs/broadband_xorshift__thr2_10000000000000.memh,2cd1c09855fa0ff41651d89eefec0860e3c53f61c66cf3b9a0154783824d5b0e,,9216,6921,9216,6921,0,6921,9216,9216,9216,3438,2295,3438,5778,36864,36864,1.0,0.7509765625
broadband_xorshift,72057594037927935,1024,1536,9,1152,0,2295,2304,1152,1152,657.546796595909,1444,664116925,1536,outputs/broadband_xorshift__thr2_72057594037927935.memh,2cd1c09855fa0ff41651d89eefec0860e3c53f61c66cf3b9a0154783824d5b0e,,9216,6921,9216,6921,0,6921,9216,9216,9216,3438,2295,3438,5778,36864,36864,1.0,0.7509765625
transient_bipolar,0,1024,1536,9,1152,0,256,2304,1152,0,0.0,0,0,1536,outputs/transient_bipolar__thr2_0.memh,f84e3ee966ab61ecdcb5ad48986b5e72a59df1903f18905cf3be7cf493c5a476,,9216,5096,5096,5090,4114,5135,5310,5167,5154,3438,2295,1427,3669,24592,36864,0.5529513888888888,0.5523003472222222
transient_bipolar,100000000,1024,1536,9,1152,0,1055,2304,1152,530,0.2676090120555235,2,110,1536,outputs/transient_bipolar__thr2_100000000.memh,fa5bb9d00d5a5627dd55ef8f643144ec7b48e847a03d2b5e9c48ac87c4a69937,,9216,5393,6182,5387,3028,5404,6299,6209,6201,3438,2295,2091,4091,27475,36864,0.6707899305555556,0.5845269097222222
transient_bipolar,1000000000,1024,1536,9,1152,0,1129,2304,1152,567,1.2086924753633572,12,2244,1536,outputs/transient_bipolar__thr2_1000000000.memh,32c3f408e4ae8153c957016f87cde3edc6cb1ea3eee2e29ea79c65b86960327c,,9216,5460,6256,5421,2921,5471,6364,6281,6272,3438,2295,2156,4100,27633,36864,0.6788194444444444,0.5882161458333334
transient_bipolar,10000000000,1024,1536,9,1152,0,1558,2304,1152,782,20.25798775072029,765,630353,1536,outputs/transient_bipolar__thr2_10000000000.memh,c4ad7192ce0c1617afcbbd2e5d20a8255f6639dd777fc8b3fd5157a7b54af861,,9216,5678,6728,5552,2362,5681,6826,6744,6738,3438,2295,2568,4160,28682,36864,0.7300347222222222,0.6024305555555556
transient_bipolar,100000000000,1024,1536,9,1152,0,2202,2304,1152,1105,57.736402620010885,1530,5120244,1536,outputs/transient_bipolar__thr2_100000000000.memh,9e73292596923bb6ac111bb65f118f099b6a61329db746574db24c282cf72dfc,,9216,6165,7725,5972,1298,6165,7814,7733,7733,3438,2295,3123,4602,31546,36864,0.8382161458333334,0.6480034722222222
transient_bipolar,1000000000000,1024,1536,9,1152,0,2276,2304,1152,1142,77.30516924959373,1530,9179273,1536,outputs/transient_bipolar__thr2_1000000000000.memh,d86e9f962f451e3d54d1f209903781ef71407f392909c4b953f6acf93add7f1e,,9216,6770,8570,6660,536,6770,8613,8574,8574,3438,2295,3340,5230,34484,36864,0.9299045138888888,0.72265625
transient_bipolar,10000000000000,1024,1536,9,1152,0,2296,2304,1152,1152,152.9266742865133,1530,35921768,1536,outputs/transient_bipolar__thr2_10000000000000.memh,91a1ae430c94caf5a862954a881cb5d0581f4d223c5955cd9a6344868f27e7a9,,9216,7176,9216,7176,0,7176,9216,9216,9216,3438,2295,3438,5778,36864,36864,1.0,0.7786458333333334
transient_bipolar,72057594037927935,1024,1536,9,1152,0,2296,2304,1152,1152,152.9266742865133,1530,35921768,1536,outputs/transient_bipolar__thr2_72057594037927935.memh,91a1ae430c94caf5a862954a881cb5d0581f4d223c5955cd9a6344868f27e7a9,,9216,7176,9216,7176,0,7176,9216,9216,9216,3438,2295,3438,5778,36864,36864,1.0,0.7786458333333334
zero_control,0,1024,1536,9,1152,0,2304,2304,1152,0,0.0,0,0,1536,outputs/zero_control__thr2_0.memh,19f12aa3f6599814cb51fd7d9225d2ff20e62ba8568e24eda047e0ac849489fe,,9216,9216,9216,9216,0,9216,9216,9216,9216,3438,2295,3438,5778,36864,36864,1.0,1.0
zero_control,100000000,1024,1536,9,1152,0,2304,2304,1152,1152,0.0,0,0,1536,outputs/zero_control__thr2_100000000.memh,19f12aa3f6599814cb51fd7d9225d2ff20e62ba8568e24eda047e0ac849489fe,,9216,9216,9216,9216,0,9216,9216,9216,9216,3438,2295,3438,5778,36864,36864,1.0,1.0
zero_control,1000000000,1024,1536,9,1152,0,2304,2304,1152,1152,0.0,0,0,1536,outputs/zero_control__thr2_1000000000.memh,19f12aa3f6599814cb51fd7d9225d2ff20e62ba8568e24eda047e0ac849489fe,,9216,9216,9216,9216,0,9216,9216,9216,9216,3438,2295,3438,5778,36864,36864,1.0,1.0
zero_control,10000000000,1024,1536,9,1152,0,2304,2304,1152,1152,0.0,0,0,1536,outputs/zero_control__thr2_10000000000.memh,19f12aa3f6599814cb51fd7d9225d2ff20e62ba8568e24eda047e0ac849489fe,,9216,9216,9216,9216,0,9216,9216,9216,9216,3438,2295,3438,5778,36864,36864,1.0,1.0
zero_control,100000000000,1024,1536,9,1152,0,2304,2304,1152,1152,0.0,0,0,1536,outputs/zero_control__thr2_100000000000.memh,19f12aa3f6599814cb51fd7d9225d2ff20e62ba8568e24eda047e0ac849489fe,,9216,9216,9216,9216,0,9216,9216,9216,9216,3438,2295,3438,5778,36864,36864,1.0,1.0
zero_control,1000000000000,1024,1536,9,1152,0,2304,2304,1152,1152,0.0,0,0,1536,outputs/zero_control__thr2_1000000000000.memh,19f12aa3f6599814cb51fd7d9225d2ff20e62ba8568e24eda047e0ac849489fe,,9216,9216,9216,9216,0,9216,9216,9216,9216,3438,2295,3438,5778,36864,36864,1.0,1.0
zero_control,10000000000000,1024,1536,9,1152,0,2304,2304,1152,1152,0.0,0,0,1536,outputs/zero_control__thr2_10000000000000.memh,19f12aa3f6599814cb51fd7d9225d2ff20e62ba8568e24eda047e0ac849489fe,,9216,9216,9216,9216,0,9216,9216,9216,9216,3438,2295,3438,5778,36864,36864,1.0,1.0
zero_control,72057594037927935,1024,1536,9,1152,0,2304,2304,1152,1152,0.0,0,0,1536,outputs/zero_control__thr2_72057594037927935.memh,19f12aa3f6599814cb51fd7d9225d2ff20e62ba8568e24eda047e0ac849489fe,,9216,9216,9216,9216,0,9216,9216,9216,9216,3438,2295,3438,5778,36864,36864,1.0,1.0
