signal,threshold2,frame,input_complex_zeros,ifft_output_complex_zeros,ifft_mismatches,iterative_ifft_sha256,oracle_ifft_sha256
measured_multitone,0,0,0,0,0,df178d2a5b397b18164aa60948135d9f470fb34915456fc59870ff09eee6ac93,df178d2a5b397b18164aa60948135d9f470fb34915456fc59870ff09eee6ac93
measured_multitone,0,1,0,0,0,39e4f0edb036f66c2c732aa6f98b32095de5d8c96a92a55b131765eb4a4cf04b,39e4f0edb036f66c2c732aa6f98b32095de5d8c96a92a55b131765eb4a4cf04b
measured_multitone,0,2,0,0,0,f9ea5d662735e1b091324aedb97b75d720acb52e20012443b7ef220f1da10509,f9ea5d662735e1b091324aedb97b75d720acb52e20012443b7ef220f1da10509
measured_multitone,0,3,0,0,0,39e4f0edb036f66c2c732aa6f98b32095de5d8c96a92a55b131765eb4a4cf04b,39e4f0edb036f66c2c732aa6f98b32095de5d8c96a92a55b131765eb4a4cf04b
measured_multitone,0,4,0,0,0,f9ea5d662735e1b091324aedb97b75d720acb52e20012443b7ef220f1da10509,f9ea5d662735e1b091324aedb97b75d720acb52e20012443b7ef220f1da10509
measured_multitone,0,5,0,0,0,39e4f0edb036f66c2c732aa6f98b32095de5d8c96a92a55b131765eb4a4cf04b,39e4f0edb036f66c2c732aa6f98b32095de5d8c96a92a55b131765eb4a4cf04b
measured_multitone,0,6,0,0,0,f9ea5d662735e1b091324aedb97b75d720acb52e20012443b7ef220f1da10509,f9ea5d662735e1b091324aedb97b75d720acb52e20012443b7ef220f1da10509
measured_multitone,0,7,0,0,0,39e4f0edb036f66c2c732aa6f98b32095de5d8c96a92a55b131765eb4a4cf04b,39e4f0edb036f66c2c732aa6f98b32095de5d8c96a92a55b131765eb4a4cf04b
measured_multitone,0,8,0,0,0,0c8382ef799bcf064aa4c26d00a864755f54da3dec98935bcc2d81698f943399,0c8382ef799bcf064aa4c26d00a864755f54da3dec98935bcc2d81698f943399
measured_multitone,100000000,0,101,0,0,b2ee2ef8bcae2ed036f54da38918eff6b482dbca013f4bd57103243f39fbfba6,b2ee2ef8bcae2ed036f54da38918eff6b482dbca013f4bd57103243f39fbfba6
measured_multitone,100000000,1,205,0,0,28ab68bdfba4e7f0c6a4092b22f3ce694c217db1cc847a40fe0544e7a5506f4e,28ab68bdfba4e7f0c6a4092b22f3ce694c217db1cc847a40fe0544e7a5506f4e
measured_multitone,100000000,2,211,0,0,f16d4a67623046e5744e2d849acfade099fcd68c006778ff610bd9add16c294e,f16d4a67623046e5744e2d849acfade099fcd68c006778ff610bd9add16c294e
measured_multitone,100000000,3,205,0,0,28ab68bdfba4e7f0c6a4092b22f3ce694c217db1cc847a40fe0544e7a5506f4e,28ab68bdfba4e7f0c6a4092b22f3ce694c217db1cc847a40fe0544e7a5506f4e
measured_multitone,100000000,4,211,0,0,f16d4a67623046e5744e2d849acfade099fcd68c006778ff610bd9add16c294e,f16d4a67623046e5744e2d849acfade099fcd68c006778ff610bd9add16c294e
measured_multitone,100000000,5,205,0,0,28ab68bdfba4e7f0c6a4092b22f3ce694c217db1cc847a40fe0544e7a5506f4e,28ab68bdfba4e7f0c6a4092b22f3ce694c217db1cc847a40fe0544e7a5506f4e
measured_multitone,100000000,6,211,0,0,f16d4a67623046e5744e2d849acfade099fcd68c006778ff610bd9add16c294e,f16d4a67623046e5744e2d849acfade099fcd68c006778ff610bd9add16c294e
measured_multitone,100000000,7,205,0,0,28ab68bdfba4e7f0c6a4092b22f3ce694c217db1cc847a40fe0544e7a5506f4e,28ab68bdfba4e7f0c6a4092b22f3ce694c217db1cc847a40fe0544e7a5506f4e
measured_multitone,100000000,8,103,0,0,4f2d9872e3157a4fff6b56f9043e2f2c153132828279921c941ccd66bf267cd9,4f2d9872e3157a4fff6b56f9043e2f2c153132828279921c941ccd66bf267cd9
measured_multitone,1000000000,0,165,0,0,96629be8b5192efa4801c240516a8bd3de5ce82e4caaebd70c6c111cabb1e111,96629be8b5192efa4801c240516a8bd3de5ce82e4caaebd70c6c111cabb1e111
measured_multitone,1000000000,1,221,0,0,a8e331329920af13fc9c5ef7117b9aba1d26b5a89c3a3adab88d7d496664a818,a8e331329920af13fc9c5ef7117b9aba1d26b5a89c3a3adab88d7d496664a818
measured_multitone,1000000000,2,223,0,0,0ee3377296f7463b45c09ce6bbd5039944d67bf62dfd1e60d1dc6e890a810172,0ee3377296f7463b45c09ce6bbd5039944d67bf62dfd1e60d1dc6e890a810172
measured_multitone,1000000000,3,221,0,0,a8e331329920af13fc9c5ef7117b9aba1d26b5a89c3a3adab88d7d496664a818,a8e331329920af13fc9c5ef7117b9aba1d26b5a89c3a3adab88d7d496664a818
measured_multitone,1000000000,4,223,0,0,0ee3377296f7463b45c09ce6bbd5039944d67bf62dfd1e60d1dc6e890a810172,0ee3377296f7463b45c09ce6bbd5039944d67bf62dfd1e60d1dc6e890a810172
measured_multitone,1000000000,5,221,0,0,a8e331329920af13fc9c5ef7117b9aba1d26b5a89c3a3adab88d7d496664a818,a8e331329920af13fc9c5ef7117b9aba1d26b5a89c3a3adab88d7d496664a818
measured_multitone,1000000000,6,223,0,0,0ee3377296f7463b45c09ce6bbd5039944d67bf62dfd1e60d1dc6e890a810172,0ee3377296f7463b45c09ce6bbd5039944d67bf62dfd1e60d1dc6e890a810172
measured_multitone,1000000000,7,221,0,0,a8e331329920af13fc9c5ef7117b9aba1d26b5a89c3a3adab88d7d496664a818,a8e331329920af13fc9c5ef7117b9aba1d26b5a89c3a3adab88d7d496664a818
measured_multitone,1000000000,8,163,0,0,5211a599ccbd8cfd5f4eaac71c533cb17b9272244eef808e807966d7b898bbf1,5211a599ccbd8cfd5f4eaac71c533cb17b9272244eef808e807966d7b898bbf1
measured_multitone,10000000000,0,195,0,0,7d4c4dbdd91be1e853e84dd1c311d56b6f57df2c6375aaa3151498b0aaf78bbf,7d4c4dbdd91be1e853e84dd1c311d56b6f57df2c6375aaa3151498b0aaf78bbf
measured_multitone,10000000000,1,229,0,0,4326d125189f26ed6003228349751c16da151500e860d658b28540f96a3641a4,4326d125189f26ed6003228349751c16da151500e860d658b28540f96a3641a4
measured_multitone,10000000000,2,235,0,0,00a0b24d48653600873c2fe48bb1a9dcd068eab74fea602103c0de05122afd27,00a0b24d48653600873c2fe48bb1a9dcd068eab74fea602103c0de05122afd27
measured_multitone,10000000000,3,229,0,0,4326d125189f26ed6003228349751c16da151500e860d658b28540f96a3641a4,4326d125189f26ed6003228349751c16da151500e860d658b28540f96a3641a4
measured_multitone,10000000000,4,235,0,0,00a0b24d48653600873c2fe48bb1a9dcd068eab74fea602103c0de05122afd27,00a0b24d48653600873c2fe48bb1a9dcd068eab74fea602103c0de05122afd27
measured_multitone,10000000000,5,229,0,0,4326d125189f26ed6003228349751c16da151500e860d658b28540f96a3641a4,4326d125189f26ed6003228349751c16da151500e860d658b28540f96a3641a4
measured_multitone,10000000000,6,235,0,0,00a0b24d48653600873c2fe48bb1a9dcd068eab74fea602103c0de05122afd27,00a0b24d48653600873c2fe48bb1a9dcd068eab74fea602103c0de05122afd27
measured_multitone,10000000000,7,229,0,0,4326d125189f26ed6003228349751c16da151500e860d658b28540f96a3641a4,4326d125189f26ed6003228349751c16da151500e860d658b28540f96a3641a4
measured_multitone,10000000000,8,197,0,0,4001d414aa9b0b1786ce8783e3aaa6ea9d9e033b97ad0524811c473cc0d32477,4001d414aa9b0b1786ce8783e3aaa6ea9d9e033b97ad0524811c473cc0d32477
measured_multitone,100000000000,0,231,0,0,a5b19521dff94b6e28d346ba030283bbc0d7a3023244792319351dcd9f6f4cfd,a5b19521dff94b6e28d346ba030283bbc0d7a3023244792319351dcd9f6f4cfd
measured_multitone,100000000000,1,239,0,0,c3d55f6633fd70e528ca00a0b17a7ed398ce094f942da6c4225994f86056bdc2,c3d55f6633fd70e528ca00a0b17a7ed398ce094f942da6c4225994f86056bdc2
measured_multitone,100000000000,2,239,0,0,28ec242122cc63a5ced22438be6753e511f7503ff8e3881746f0a4038fd97d37,28ec242122cc63a5ced22438be6753e511f7503ff8e3881746f0a4038fd97d37
measured_multitone,100000000000,3,239,0,0,c3d55f6633fd70e528ca00a0b17a7ed398ce094f942da6c4225994f86056bdc2,c3d55f6633fd70e528ca00a0b17a7ed398ce094f942da6c4225994f86056bdc2
measured_multitone,100000000000,4,239,0,0,28ec242122cc63a5ced22438be6753e511f7503ff8e3881746f0a4038fd97d37,28ec242122cc63a5ced22438be6753e511f7503ff8e3881746f0a4038fd97d37
measured_multitone,100000000000,5,239,0,0,c3d55f6633fd70e528ca00a0b17a7ed398ce094f942da6c4225994f86056bdc2,c3d55f6633fd70e528ca00a0b17a7ed398ce094f942da6c4225994f86056bdc2
measured_multitone,100000000000,6,239,0,0,28ec242122cc63a5ced22438be6753e511f7503ff8e3881746f0a4038fd97d37,28ec242122cc63a5ced22438be6753e511f7503ff8e3881746f0a4038fd97d37
measured_multitone,100000000000,7,239,0,0,c3d55f6633fd70e528ca00a0b17a7ed398ce094f942da6c4225994f86056bdc2,c3d55f6633fd70e528ca00a0b17a7ed398ce094f942da6c4225994f86056bdc2
measured_multitone,100000000000,8,231,0,0,3e6c81c5fa08f272872e472cd944dd20a480a8e960c18bfa1de1aaf155f5a7e0,3e6c81c5fa08f272872e472cd944dd20a480a8e960c18bfa1de1aaf155f5a7e0
measured_multitone,1000000000000,0,249,0,0,6f0242ac260ff35bd5018d068fd07e3073222887ce35d093e7d952cc5aec7903,6f0242ac260ff35bd5018d068fd07e3073222887ce35d093e7d952cc5aec7903
measured_multitone,1000000000000,1,247,0,0,c01f5216679cf10981850aa48fa5ac13cb4956153d0fb49ebee09c3e17fe1bd8,c01f5216679cf10981850aa48fa5ac13cb4956153d0fb49ebee09c3e17fe1bd8
measured_multitone,1000000000000,2,247,0,0,cb4ed1e692f3783191ebeec928ef0403fac5f0b906ce634e0cda38fbee626b37,cb4ed1e692f3783191ebeec928ef0403fac5f0b906ce634e0cda38fbee626b37
measured_multitone,1000000000000,3,247,0,0,c01f5216679cf10981850aa48fa5ac13cb4956153d0fb49ebee09c3e17fe1bd8,c01f5216679cf10981850aa48fa5ac13cb4956153d0fb49ebee09c3e17fe1bd8
measured_multitone,1000000000000,4,247,0,0,cb4ed1e692f3783191ebeec928ef0403fac5f0b906ce634e0cda38fbee626b37,cb4ed1e692f3783191ebeec928ef0403fac5f0b906ce634e0cda38fbee626b37
measured_multitone,1000000000000,5,247,0,0,c01f5216679cf10981850aa48fa5ac13cb4956153d0fb49ebee09c3e17fe1bd8,c01f5216679cf10981850aa48fa5ac13cb4956153d0fb49ebee09c3e17fe1bd8
measured_multitone,1000000000000,6,247,0,0,cb4ed1e692f3783191ebeec928ef0403fac5f0b906ce634e0cda38fbee626b37,cb4ed1e692f3783191ebeec928ef0403fac5f0b906ce634e0cda38fbee626b37
measured_multitone,1000000000000,7,247,0,0,c01f5216679cf10981850aa48fa5ac13cb4956153d0fb49ebee09c3e17fe1bd8,c01f5216679cf10981850aa48fa5ac13cb4956153d0fb49ebee09c3e17fe1bd8
measured_multitone,1000000000000,8,249,0,0,8a6e72d8e9200c2960b06dbfed7ed6146c8ee6b6daa67ea040f9aafc8e419c1a,8a6e72d8e9200c2960b06dbfed7ed6146c8ee6b6daa67ea040f9aafc8e419c1a
measured_multitone,10000000000000,0,255,0,0,1b09336aabdba184e2accdf4110868b5e0d595136c6fe5da669d1cbe53098a81,1b09336aabdba184e2accdf4110868b5e0d595136c6fe5da669d1cbe53098a81
measured_multitone,10000000000000,1,253,0,0,70a45bb54da105b716cb0acdc7a040ee8e1395389ddae508787b6002121209b3,70a45bb54da105b716cb0acdc7a040ee8e1395389ddae508787b6002121209b3
measured_multitone,10000000000000,2,253,0,0,e11d617b4d440e3a1bf4f849ab6d4b70e12aebc0b442ba9d9f9c80537c52cd16,e11d617b4d440e3a1bf4f849ab6d4b70e12aebc0b442ba9d9f9c80537c52cd16
measured_multitone,10000000000000,3,253,0,0,70a45bb54da105b716cb0acdc7a040ee8e1395389ddae508787b6002121209b3,70a45bb54da105b716cb0acdc7a040ee8e1395389ddae508787b6002121209b3
measured_multitone,10000000000000,4,253,0,0,e11d617b4d440e3a1bf4f849ab6d4b70e12aebc0b442ba9d9f9c80537c52cd16,e11d617b4d440e3a1bf4f849ab6d4b70e12aebc0b442ba9d9f9c80537c52cd16
measured_multitone,10000000000000,5,253,0,0,70a45bb54da105b716cb0acdc7a040ee8e1395389ddae508787b6002121209b3,70a45bb54da105b716cb0acdc7a040ee8e1395389ddae508787b6002121209b3
measured_multitone,10000000000000,6,253,0,0,e11d617b4d440e3a1bf4f849ab6d4b70e12aebc0b442ba9d9f9c80537c52cd16,e11d617b4d440e3a1bf4f849ab6d4b70e12aebc0b442ba9d9f9c80537c52cd16
measured_multitone,10000000000000,7,253,0,0,70a45bb54da105b716cb0acdc7a040ee8e1395389ddae508787b6002121209b3,70a45bb54da105b716cb0acdc7a040ee8e1395389ddae508787b6002121209b3
measured_multitone,10000000000000,8,255,0,0,f05d723ab6e60d0fc1756405b2637674438b2907616b8bbe9ffe2db47aa1f1fc,f05d723ab6e60d0fc1756405b2637674438b2907616b8bbe9ffe2db47aa1f1fc
measured_multitone,72057594037927935,0,255,0,0,1b09336aabdba184e2accdf4110868b5e0d595136c6fe5da669d1cbe53098a81,1b09336aabdba184e2accdf4110868b5e0d595136c6fe5da669d1cbe53098a81
measured_multitone,72057594037927935,1,255,0,0,a301712024e6826cf7e352f9fa74c60e66e4c3774ae9ef3c7439532adfb6e7bd,a301712024e6826cf7e352f9fa74c60e66e4c3774ae9ef3c7439532adfb6e7bd
measured_multitone,72057594037927935,2,255,0,0,bff972abdeef4122b01479dc7bb887518601270a915b366a1a8e35c1d66bd5c8,bff972abdeef4122b01479dc7bb887518601270a915b366a1a8e35c1d66bd5c8
measured_multitone,72057594037927935,3,255,0,0,a301712024e6826cf7e352f9fa74c60e66e4c3774ae9ef3c7439532adfb6e7bd,a301712024e6826cf7e352f9fa74c60e66e4c3774ae9ef3c7439532adfb6e7bd
measured_multitone,72057594037927935,4,255,0,0,bff972abdeef4122b01479dc7bb887518601270a915b366a1a8e35c1d66bd5c8,bff972abdeef4122b01479dc7bb887518601270a915b366a1a8e35c1d66bd5c8
measured_multitone,72057594037927935,5,255,0,0,a301712024e6826cf7e352f9fa74c60e66e4c3774ae9ef3c7439532adfb6e7bd,a301712024e6826cf7e352f9fa74c60e66e4c3774ae9ef3c7439532adfb6e7bd
measured_multitone,72057594037927935,6,255,0,0,bff972abdeef4122b01479dc7bb887518601270a915b366a1a8e35c1d66bd5c8,bff972abdeef4122b01479dc7bb887518601270a915b366a1a8e35c1d66bd5c8
measured_multitone,72057594037927935,7,255,0,0,a301712024e6826cf7e352f9fa74c60e66e4c3774ae9ef3c7439532adfb6e7bd,a301712024e6826cf7e352f9fa74c60e66e4c3774ae9ef3c7439532adfb6e7bd
measured_multitone,72057594037927935,8,255,0,0,f05d723ab6e60d0fc1756405b2637674438b2907616b8bbe9ffe2db47aa1f1fc,f05d723ab6e60d0fc1756405b2637674438b2907616b8bbe9ffe2db47aa1f1fc
tonal_two_bin,0,0,0,0,0,c70a7e3a98a45bdabecd59a70e995019a912df5d9d9dcb08c12e843eba27d706,c70a7e3a98a45bdabecd59a70e995019a912df5d9d9dcb08c12e843eba27d706
tonal_two_bin,0,1,2,0,0,25ba78fc8515d616881ae6ccf8c24f63d97192c4ff174aef9d0c9fed5c67fc6c,25ba78fc8515d616881ae6ccf8c24f63d97192c4ff174aef9d0c9fed5c67fc6c
tonal_two_bin,0,2,2,0,0,73a8e74aadefcf19e78836fc0abe19763c40be00e70b8d2d9f154e9b276dfd76,73a8e74aadefcf19e78836fc0abe19763c40be00e70b8d2d9f154e9b276dfd76
tonal_two_bin,0,3,2,0,0,25ba78fc8515d616881ae6ccf8c24f63d97192c4ff174aef9d0c9fed5c67fc6c,25ba78fc8515d616881ae6ccf8c24f63d97192c4ff174aef9d0c9fed5c67fc6c
tonal_two_bin,0,4,2,0,0,73a8e74aadefcf19e78836fc0abe19763c40be00e70b8d2d9f154e9b276dfd76,73a8e74aadefcf19e78836fc0abe19763c40be00e70b8d2d9f154e9b276dfd76
tonal_two_bin,0,5,2,0,0,25ba78fc8515d616881ae6ccf8c24f63d97192c4ff174aef9d0c9fed5c67fc6c,25ba78fc8515d616881ae6ccf8c24f63d97192c4ff174aef9d0c9fed5c67fc6c
tonal_two_bin,0,6,2,0,0,73a8e74aadefcf19e78836fc0abe19763c40be00e70b8d2d9f154e9b276dfd76,73a8e74aadefcf19e78836fc0abe19763c40be00e70b8d2d9f154e9b276dfd76
tonal_two_bin,0,7,2,0,0,25ba78fc8515d616881ae6ccf8c24f63d97192c4ff174aef9d0c9fed5c67fc6c,25ba78fc8515d616881ae6ccf8c24f63d97192c4ff174aef9d0c9fed5c67fc6c
tonal_two_bin,0,8,0,0,0,bb2907dca7460d8c15e876d6754da3ae4824d9df36e487b3bd6c5659360840f0,bb2907dca7460d8c15e876d6754da3ae4824d9df36e487b3bd6c5659360840f0
tonal_two_bin,100000000,0,0,0,0,c70a7e3a98a45bdabecd59a70e995019a912df5d9d9dcb08c12e843eba27d706,c70a7e3a98a45bdabecd59a70e995019a912df5d9d9dcb08c12e843eba27d706
tonal_two_bin,100000000,1,190,0,0,b858abd5de24dd10a0a2f174e42e0ef6d9475ea5705ea5ba226bfaa6954690ad,b858abd5de24dd10a0a2f174e42e0ef6d9475ea5705ea5ba226bfaa6954690ad
tonal_two_bin,100000000,2,190,0,0,4bd4001eeb0788a87c5c075858a743b62148d912c55af3fb13fc53dc97360982,4bd4001eeb0788a87c5c075858a743b62148d912c55af3fb13fc53dc97360982
tonal_two_bin,100000000,3,190,0,0,b858abd5de24dd10a0a2f174e42e0ef6d9475ea5705ea5ba226bfaa6954690ad,b858abd5de24dd10a0a2f174e42e0ef6d9475ea5705ea5ba226bfaa6954690ad
tonal_two_bin,100000000,4,190,0,0,4bd4001eeb0788a87c5c075858a743b62148d912c55af3fb13fc53dc97360982,4bd4001eeb0788a87c5c075858a743b62148d912c55af3fb13fc53dc97360982
tonal_two_bin,100000000,5,190,0,0,b858abd5de24dd10a0a2f174e42e0ef6d9475ea5705ea5ba226bfaa6954690ad,b858abd5de24dd10a0a2f174e42e0ef6d9475ea5705ea5ba226bfaa6954690ad
tonal_two_bin,100000000,6,190,0,0,4bd4001eeb0788a87c5c075858a743b62148d912c55af3fb13fc53dc97360982,4bd4001eeb0788a87c5c075858a743b62148d912c55af3fb13fc53dc97360982
tonal_two_bin,100000000,7,190,0,0,b858abd5de24dd10a0a2f174e42e0ef6d9475ea5705ea5ba226bfaa6954690ad,b858abd5de24dd10a0a2f174e42e0ef6d9475ea5705ea5ba226bfaa6954690ad
tonal_two_bin,100000000,8,0,0,0,bb2907dca7460d8c15e876d6754da3ae4824d9df36e487b3bd6c5659360840f0,bb2907dca7460d8c15e876d6754da3ae4824d9df36e487b3bd6c5659360840f0
tonal_two_bin,1000000000,0,141,0,0,b5774dd1d2bcd088c5d7c22bec6c8680d61a299a557b45465c1656fccc87aa09,b5774dd1d2bcd088c5d7c22bec6c8680d61a299a557b45465c1656fccc87aa09
tonal_two_bin,1000000000,1,200,0,0,e6d5018cb54dff8d71230c8f1d8eb3ebed777100e0663b4aa9f55835f8d49332,e6d5018cb54dff8d71230c8f1d8eb3ebed777100e0663b4aa9f55835f8d49332
tonal_two_bin,1000000000,2,200,0,0,cb3b6ac056239f6b6981ec47e2fb0720a3ff61968ec0264eb41217e058d3d331,cb3b6ac056239f6b6981ec47e2fb0720a3ff61968ec0264eb41217e058d3d331
tonal_two_bin,1000000000,3,200,0,0,e6d5018cb54dff8d71230c8f1d8eb3ebed777100e0663b4aa9f55835f8d49332,e6d5018cb54dff8d71230c8f1d8eb3ebed777100e0663b4aa9f55835f8d49332
tonal_two_bin,1000000000,4,200,0,0,cb3b6ac056239f6b6981ec47e2fb0720a3ff61968ec0264eb41217e058d3d331,cb3b6ac056239f6b6981ec47e2fb0720a3ff61968ec0264eb41217e058d3d331
tonal_two_bin,1000000000,5,200,0,0,e6d5018cb54dff8d71230c8f1d8eb3ebed777100e0663b4aa9f55835f8d49332,e6d5018cb54dff8d71230c8f1d8eb3ebed777100e0663b4aa9f55835f8d49332
tonal_two_bin,1000000000,6,200,0,0,cb3b6ac056239f6b6981ec47e2fb0720a3ff61968ec0264eb41217e058d3d331,cb3b6ac056239f6b6981ec47e2fb0720a3ff61968ec0264eb41217e058d3d331
tonal_two_bin,1000000000,7,200,0,0,e6d5018cb54dff8d71230c8f1d8eb3ebed777100e0663b4aa9f55835f8d49332,e6d5018cb54dff8d71230c8f1d8eb3ebed777100e0663b4aa9f55835f8d49332
tonal_two_bin,1000000000,8,141,0,0,b7dfc2d3025b113ac5cc0a6117df14fa66e833de8c3c5653c6a1d8b3b3963bdc,b7dfc2d3025b113ac5cc0a6117df14fa66e833de8c3c5653c6a1d8b3b3963bdc
tonal_two_bin,10000000000,0,195,0,0,2a22993c1de02f2c19841194d34febabd480712a914338b19543b9276a7a9de0,2a22993c1de02f2c19841194d34febabd480712a914338b19543b9276a7a9de0
tonal_two_bin,10000000000,1,222,0,0,bafb37ec0ba7fe8cd3ff313b16f3868a33be08a15fe5f66cd398002ac1adb8c1,bafb37ec0ba7fe8cd3ff313b16f3868a33be08a15fe5f66cd398002ac1adb8c1
tonal_two_bin,10000000000,2,222,0,0,e9560638968e0eea70b62b1e92fd9d44657f8ebcb4188b0709dd93ebb00781c8,e9560638968e0eea70b62b1e92fd9d44657f8ebcb4188b0709dd93ebb00781c8
tonal_two_bin,10000000000,3,222,0,0,bafb37ec0ba7fe8cd3ff313b16f3868a33be08a15fe5f66cd398002ac1adb8c1,bafb37ec0ba7fe8cd3ff313b16f3868a33be08a15fe5f66cd398002ac1adb8c1
tonal_two_bin,10000000000,4,222,0,0,e9560638968e0eea70b62b1e92fd9d44657f8ebcb4188b0709dd93ebb00781c8,e9560638968e0eea70b62b1e92fd9d44657f8ebcb4188b0709dd93ebb00781c8
tonal_two_bin,10000000000,5,222,0,0,bafb37ec0ba7fe8cd3ff313b16f3868a33be08a15fe5f66cd398002ac1adb8c1,bafb37ec0ba7fe8cd3ff313b16f3868a33be08a15fe5f66cd398002ac1adb8c1
tonal_two_bin,10000000000,6,222,0,0,e9560638968e0eea70b62b1e92fd9d44657f8ebcb4188b0709dd93ebb00781c8,e9560638968e0eea70b62b1e92fd9d44657f8ebcb4188b0709dd93ebb00781c8
tonal_two_bin,10000000000,7,222,0,0,bafb37ec0ba7fe8cd3ff313b16f3868a33be08a15fe5f66cd398002ac1adb8c1,bafb37ec0ba7fe8cd3ff313b16f3868a33be08a15fe5f66cd398002ac1adb8c1
tonal_two_bin,10000000000,8,195,0,0,8dc71d45477a1a9c4b75514264e3291b82504ec292c629a5b7a5eaa0387421a5,8dc71d45477a1a9c4b75514264e3291b82504ec292c629a5b7a5eaa0387421a5
tonal_two_bin,100000000000,0,219,0,0,f117b6d17e520813c5f5593230c159d45fe58f27e1f3a06cb77827af5f9a736e,f117b6d17e520813c5f5593230c159d45fe58f27e1f3a06cb77827af5f9a736e
tonal_two_bin,100000000000,1,238,0,0,74912547a7ba156907e35778f5c28ec2399428ef53a1e0d6b2347f9dea3886fa,74912547a7ba156907e35778f5c28ec2399428ef53a1e0d6b2347f9dea3886fa
tonal_two_bin,100000000000,2,238,0,0,9e324b82164bf055a57908bd5020663957792d25e07287bb37b3dee4d2c00007,9e324b82164bf055a57908bd5020663957792d25e07287bb37b3dee4d2c00007
tonal_two_bin,100000000000,3,238,0,0,74912547a7ba156907e35778f5c28ec2399428ef53a1e0d6b2347f9dea3886fa,74912547a7ba156907e35778f5c28ec2399428ef53a1e0d6b2347f9dea3886fa
tonal_two_bin,100000000000,4,238,0,0,9e324b82164bf055a57908bd5020663957792d25e07287bb37b3dee4d2c00007,9e324b82164bf055a57908bd5020663957792d25e07287bb37b3dee4d2c00007
tonal_two_bin,100000000000,5,238,0,0,74912547a7ba156907e35778f5c28ec2399428ef53a1e0d6b2347f9dea3886fa,74912547a7ba156907e35778f5c28ec2399428ef53a1e0d6b2347f9dea3886fa
tonal_two_bin,100000000000,6,238,0,0,9e324b82164bf055a57908bd5020663957792d25e07287bb37b3dee4d2c00007,9e324b82164bf055a57908bd5020663957792d25e07287bb37b3dee4d2c00007
tonal_two_bin,100000000000,7,238,0,0,74912547a7ba156907e35778f5c28ec2399428ef53a1e0d6b2347f9dea3886fa,74912547a7ba156907e35778f5c28ec2399428ef53a1e0d6b2347f9dea3886fa
tonal_two_bin,100000000000,8,219,0,0,b73280eddf8a82cce0af9837832970d5be58587249d5aec4c06b241c45e9a585,b73280eddf8a82cce0af9837832970d5be58587249d5aec4c06b241c45e9a585
tonal_two_bin,1000000000000,0,235,0,0,6c63ffd78f28268a8c6641f9d1234fa42b15d0a40b8158cb26840d8f78d1bc89,6c63ffd78f28268a8c6641f9d1234fa42b15d0a40b8158cb26840d8f78d1bc89
tonal_two_bin,1000000000000,1,244,0,0,c20879211f0783c86093e9c54ebcf18b81303619efc1cc6a10caebbe3682a0df,c20879211f0783c86093e9c54ebcf18b81303619efc1cc6a10caebbe3682a0df
tonal_two_bin,1000000000000,2,244,0,0,829a6844451244138c61377ce4c9584f082dbcdf8d7e3a9d5d49b41648b52bf6,829a6844451244138c61377ce4c9584f082dbcdf8d7e3a9d5d49b41648b52bf6
tonal_two_bin,1000000000000,3,244,0,0,c20879211f0783c86093e9c54ebcf18b81303619efc1cc6a10caebbe3682a0df,c20879211f0783c86093e9c54ebcf18b81303619efc1cc6a10caebbe3682a0df
tonal_two_bin,1000000000000,4,244,0,0,829a6844451244138c61377ce4c9584f082dbcdf8d7e3a9d5d49b41648b52bf6,829a6844451244138c61377ce4c9584f082dbcdf8d7e3a9d5d49b41648b52bf6
tonal_two_bin,1000000000000,5,244,0,0,c20879211f0783c86093e9c54ebcf18b81303619efc1cc6a10caebbe3682a0df,c20879211f0783c86093e9c54ebcf18b81303619efc1cc6a10caebbe3682a0df
tonal_two_bin,1000000000000,6,244,0,0,829a6844451244138c61377ce4c9584f082dbcdf8d7e3a9d5d49b41648b52bf6,829a6844451244138c61377ce4c9584f082dbcdf8d7e3a9d5d49b41648b52bf6
tonal_two_bin,1000000000000,7,244,0,0,c20879211f0783c86093e9c54ebcf18b81303619efc1cc6a10caebbe3682a0df,c20879211f0783c86093e9c54ebcf18b81303619efc1cc6a10caebbe3682a0df
tonal_two_bin,1000000000000,8,235,0,0,10a278d702516b5e2c07c0a31722dc4130900be63ca3cecb9bf874548a7ef9ca,10a278d702516b5e2c07c0a31722dc4130900be63ca3cecb9bf874548a7ef9ca
tonal_two_bin,10000000000000,0,249,0,0,fb5eaa076665649c47fc1678610ae1ce8cc462c213b7946be65bd427ddbeb2ec,fb5eaa076665649c47fc1678610ae1ce8cc462c213b7946be65bd427ddbeb2ec
tonal_two_bin,10000000000000,1,248,0,0,f75dfd7f8a03a9a12fd3f8c062b33bb55a880bd70e2e083cb1fae5caddf76d01,f75dfd7f8a03a9a12fd3f8c062b33bb55a880bd70e2e083cb1fae5caddf76d01
tonal_two_bin,10000000000000,2,248,0,0,7291911b12b95520c995ab8f4147810142a3216879fecbeb971bcc0832882f9d,7291911b12b95520c995ab8f4147810142a3216879fecbeb971bcc0832882f9d
tonal_two_bin,10000000000000,3,248,0,0,f75dfd7f8a03a9a12fd3f8c062b33bb55a880bd70e2e083cb1fae5caddf76d01,f75dfd7f8a03a9a12fd3f8c062b33bb55a880bd70e2e083cb1fae5caddf76d01
tonal_two_bin,10000000000000,4,248,0,0,7291911b12b95520c995ab8f4147810142a3216879fecbeb971bcc0832882f9d,7291911b12b95520c995ab8f4147810142a3216879fecbeb971bcc0832882f9d
tonal_two_bin,10000000000000,5,248,0,0,f75dfd7f8a03a9a12fd3f8c062b33bb55a880bd70e2e083cb1fae5caddf76d01,f75dfd7f8a03a9a12fd3f8c062b33bb55a880bd70e2e083cb1fae5caddf76d01
tonal_two_bin,10000000000000,6,248,0,0,7291911b12b95520c995ab8f4147810142a3216879fecbeb971bcc0832882f9d,7291911b12b95520c995ab8f4147810142a3216879fecbeb971bcc0832882f9d
tonal_two_bin,10000000000000,7,248,0,0,f75dfd7f8a03a9a12fd3f8c062b33bb55a880bd70e2e083cb1fae5caddf76d01,f75dfd7f8a03a9a12fd3f8c062b33bb55a880bd70e2e083cb1fae5caddf76d01
tonal_two_bin,10000000000000,8,249,0,0,0e95c707e4b73cdb2548b8453fb7e61f54faeb4ded408011efc4a924082de116,0e95c707e4b73cdb2548b8453fb7e61f54faeb4ded408011efc4a924082de116
tonal_two_bin,72057594037927935,0,255,0,0,96a8c8d201c75d6ec0baf9c6a296a9bda70f4029a99ec363fe7c0c4246bcc81e,96a8c8d201c75d6ec0baf9c6a296a9bda70f4029a99ec363fe7c0c4246bcc81e
tonal_two_bin,72057594037927935,1,256,256,0,c6c68a716cfd6938944494f3ec8bc79611ba83e51ba5b3f126d3996b8d0b39a0,c6c68a716cfd6938944494f3ec8bc79611ba83e51ba5b3f126d3996b8d0b39a0
tonal_two_bin,72057594037927935,2,256,256,0,c6c68a716cfd6938944494f3ec8bc79611ba83e51ba5b3f126d3996b8d0b39a0,c6c68a716cfd6938944494f3ec8bc79611ba83e51ba5b3f126d3996b8d0b39a0
tonal_two_bin,72057594037927935,3,256,256,0,c6c68a716cfd6938944494f3ec8bc79611ba83e51ba5b3f126d3996b8d0b39a0,c6c68a716cfd6938944494f3ec8bc79611ba83e51ba5b3f126d3996b8d0b39a0
tonal_two_bin,72057594037927935,4,256,256,0,c6c68a716cfd6938944494f3ec8bc79611ba83e51ba5b3f126d3996b8d0b39a0,c6c68a716cfd6938944494f3ec8bc79611ba83e51ba5b3f126d3996b8d0b39a0
tonal_two_bin,72057594037927935,5,256,256,0,c6c68a716cfd6938944494f3ec8bc79611ba83e51ba5b3f126d3996b8d0b39a0,c6c68a716cfd6938944494f3ec8bc79611ba83e51ba5b3f126d3996b8d0b39a0
tonal_two_bin,72057594037927935,6,256,256,0,c6c68a716cfd6938944494f3ec8bc79611ba83e51ba5b3f126d3996b8d0b39a0,c6c68a716cfd6938944494f3ec8bc79611ba83e51ba5b3f126d3996b8d0b39a0
tonal_two_bin,72057594037927935,7,256,256,0,c6c68a716cfd6938944494f3ec8bc79611ba83e51ba5b3f126d3996b8d0b39a0,c6c68a716cfd6938944494f3ec8bc79611ba83e51ba5b3f126d3996b8d0b39a0
tonal_two_bin,72057594037927935,8,255,0,0,f3ab1f0fb028c3c55faea047b4a10afbf1508d1511da198bcf178146b818cd4e,f3ab1f0fb028c3c55faea047b4a10afbf1508d1511da198bcf178146b818cd4e
broadband_xorshift,0,0,0,1,0,54f232a6bef4a70090bd415822979daaf0ade8431dfedd062853ca7de7337871,54f232a6bef4a70090bd415822979daaf0ade8431dfedd062853ca7de7337871
broadband_xorshift,0,1,0,0,0,eda8b685cb9cea495fdf4e883bf4886c5546a69011788b31a764512349796395,eda8b685cb9cea495fdf4e883bf4886c5546a69011788b31a764512349796395
broadband_xorshift,0,2,0,0,0,cdbdf9f33d9486c69777639fd282676ff5329417c68a3c32eb1239d311dec55c,cdbdf9f33d9486c69777639fd282676ff5329417c68a3c32eb1239d311dec55c
broadband_xorshift,0,3,0,0,0,6fceb8084ba266db633f89866408380965ab376c1fc9e97889271ad0c10c51a8,6fceb8084ba266db633f89866408380965ab376c1fc9e97889271ad0c10c51a8
broadband_xorshift,0,4,0,0,0,f3a21b779edb73654cd240e3a917ceb0cfe84b1165ea1cf0d935cda3f94971ad,f3a21b779edb73654cd240e3a917ceb0cfe84b1165ea1cf0d935cda3f94971ad
broadband_xorshift,0,5,0,0,0,e4e5a988f50aa890356319fa4252041782dbf4b85771a199d0b9f849a265427a,e4e5a988f50aa890356319fa4252041782dbf4b85771a199d0b9f849a265427a
broadband_xorshift,0,6,0,0,0,646e7bf8c57c04a2bff5dc678b39703341f2164523e5be0da4cf13c48ded1d09,646e7bf8c57c04a2bff5dc678b39703341f2164523e5be0da4cf13c48ded1d09
broadband_xorshift,0,7,0,0,0,8faa02f66d32bd7376b86ade0ef7082363b2a008d0a03183b6095858ad2e31f1,8faa02f66d32bd7376b86ade0ef7082363b2a008d0a03183b6095858ad2e31f1
broadband_xorshift,0,8,0,0,0,10b6dd5143e528982d843cc75ae0c47d83ca081e2d84250da571b7c1283598e6,10b6dd5143e528982d843cc75ae0c47d83ca081e2d84250da571b7c1283598e6
broadband_xorshift,100000000,0,0,1,0,54f232a6bef4a70090bd415822979daaf0ade8431dfedd062853ca7de7337871,54f232a6bef4a70090bd415822979daaf0ade8431dfedd062853ca7de7337871
broadband_xorshift,100000000,1,0,0,0,eda8b685cb9cea495fdf4e883bf4886c5546a69011788b31a764512349796395,eda8b685cb9cea495fdf4e883bf4886c5546a69011788b31a764512349796395
broadband_xorshift,100000000,2,0,0,0,cdbdf9f33d9486c69777639fd282676ff5329417c68a3c32eb1239d311dec55c,cdbdf9f33d9486c69777639fd282676ff5329417c68a3c32eb1239d311dec55c
broadband_xorshift,100000000,3,0,0,0,6fceb8084ba266db633f89866408380965ab376c1fc9e97889271ad0c10c51a8,6fceb8084ba266db633f89866408380965ab376c1fc9e97889271ad0c10c51a8
broadband_xorshift,100000000,4,0,0,0,f3a21b779edb73654cd240e3a917ceb0cfe84b1165ea1cf0d935cda3f94971ad,f3a21b779edb73654cd240e3a917ceb0cfe84b1165ea1cf0d935cda3f94971ad
broadband_xorshift,100000000,5,0,0,0,e4e5a988f50aa890356319fa4252041782dbf4b85771a199d0b9f849a265427a,e4e5a988f50aa890356319fa4252041782dbf4b85771a199d0b9f849a265427a
broadband_xorshift,100000000,6,0,0,0,646e7bf8c57c04a2bff5dc678b39703341f2164523e5be0da4cf13c48ded1d09,646e7bf8c57c04a2bff5dc678b39703341f2164523e5be0da4cf13c48ded1d09
broadband_xorshift,100000000,7,0,0,0,8faa02f66d32bd7376b86ade0ef7082363b2a008d0a03183b6095858ad2e31f1,8faa02f66d32bd7376b86ade0ef7082363b2a008d0a03183b6095858ad2e31f1
broadband_xorshift,100000000,8,0,0,0,10b6dd5143e528982d843cc75ae0c47d83ca081e2d84250da571b7c1283598e6,10b6dd5143e528982d843cc75ae0c47d83ca081e2d84250da571b7c1283598e6
broadband_xorshift,1000000000,0,0,1,0,54f232a6bef4a70090bd415822979daaf0ade8431dfedd062853ca7de7337871,54f232a6bef4a70090bd415822979daaf0ade8431dfedd062853ca7de7337871
broadband_xorshift,1000000000,1,0,0,0,eda8b685cb9cea495fdf4e883bf4886c5546a69011788b31a764512349796395,eda8b685cb9cea495fdf4e883bf4886c5546a69011788b31a764512349796395
broadband_xorshift,1000000000,2,0,0,0,cdbdf9f33d9486c69777639fd282676ff5329417c68a3c32eb1239d311dec55c,cdbdf9f33d9486c69777639fd282676ff5329417c68a3c32eb1239d311dec55c
broadband_xorshift,1000000000,3,0,0,0,6fceb8084ba266db633f89866408380965ab376c1fc9e97889271ad0c10c51a8,6fceb8084ba266db633f89866408380965ab376c1fc9e97889271ad0c10c51a8
broadband_xorshift,1000000000,4,0,0,0,f3a21b779edb73654cd240e3a917ceb0cfe84b1165ea1cf0d935cda3f94971ad,f3a21b779edb73654cd240e3a917ceb0cfe84b1165ea1cf0d935cda3f94971ad
broadband_xorshift,1000000000,5,0,0,0,e4e5a988f50aa890356319fa4252041782dbf4b85771a199d0b9f849a265427a,e4e5a988f50aa890356319fa4252041782dbf4b85771a199d0b9f849a265427a
broadband_xorshift,1000000000,6,0,0,0,646e7bf8c57c04a2bff5dc678b39703341f2164523e5be0da4cf13c48ded1d09,646e7bf8c57c04a2bff5dc678b39703341f2164523e5be0da4cf13c48ded1d09
broadband_xorshift,1000000000,7,0,0,0,8faa02f66d32bd7376b86ade0ef7082363b2a008d0a03183b6095858ad2e31f1,8faa02f66d32bd7376b86ade0ef7082363b2a008d0a03183b6095858ad2e31f1
broadband_xorshift,1000000000,8,2,0,0,6f53e1c8d200e826cf3cb8991d45f300ed3441e70f3b1fc4084718e57ce03bdc,6f53e1c8d200e826cf3cb8991d45f300ed3441e70f3b1fc4084718e57ce03bdc
broadband_xorshift,10000000000,0,2,0,0,bc5213b7f95cbd2fcbc05c3ee752bb2fa5c5f60819d7b61c3a204e8415024252,bc5213b7f95cbd2fcbc05c3ee752bb2fa5c5f60819d7b61c3a204e8415024252
broadband_xorshift,10000000000,1,4,0,0,ab7b08317d61604e03c7074b3c4146acf2581ae36444f9eaea09241e93f8c379,ab7b08317d61604e03c7074b3c4146acf2581ae36444f9eaea09241e93f8c379
broadband_xorshift,10000000000,2,0,0,0,cdbdf9f33d9486c69777639fd282676ff5329417c68a3c32eb1239d311dec55c,cdbdf9f33d9486c69777639fd282676ff5329417c68a3c32eb1239d311dec55c
broadband_xorshift,10000000000,3,0,0,0,6fceb8084ba266db633f89866408380965ab376c1fc9e97889271ad0c10c51a8,6fceb8084ba266db633f89866408380965ab376c1fc9e97889271ad0c10c51a8
broadband_xorshift,10000000000,4,2,0,0,5d6973f2d54fc01cba2bef7aa22161b54d769589af8f2f0997f5d5ed512f2acf,5d6973f2d54fc01cba2bef7aa22161b54d769589af8f2f0997f5d5ed512f2acf
broadband_xorshift,10000000000,5,2,0,0,b1ebeee475ceb78af83415d5ec464ad56cf86a7ad6b5e8de48248e1df9ecd741,b1ebeee475ceb78af83415d5ec464ad56cf86a7ad6b5e8de48248e1df9ecd741
broadband_xorshift,10000000000,6,4,0,0,37b3d9a2724ca442cc201cfcb26d83c508bdd5c0c8154bfef3bce669dd84fbda,37b3d9a2724ca442cc201cfcb26d83c508bdd5c0c8154bfef3bce669dd84fbda
broadband_xorshift,10000000000,7,2,0,0,c618b0e462591e8f380add759277e56a91ca25a1e6029e06cd9e650185c98d3c,c618b0e462591e8f380add759277e56a91ca25a1e6029e06cd9e650185c98d3c
broadband_xorshift,10000000000,8,8,0,0,713fa33ddc25af5c217a84b36e8f75217da659a77ea87fe9974ebdb28f061b2b,713fa33ddc25af5c217a84b36e8f75217da659a77ea87fe9974ebdb28f061b2b
broadband_xorshift,100000000000,0,22,0,0,1428702da1ce0c0f1b155443f3b7e171eccd7f18023df2227253c21f2c736e0b,1428702da1ce0c0f1b155443f3b7e171eccd7f18023df2227253c21f2c736e0b
broadband_xorshift,100000000000,1,20,0,0,093ab978fb83390e7f0512ba742abd8e9885554d0e7623a540470d6dbbe1c064,093ab978fb83390e7f0512ba742abd8e9885554d0e7623a540470d6dbbe1c064
broadband_xorshift,100000000000,2,10,0,0,cb5c6aa78c77e6ae54a5f16c7aa972bb85b6a752957081208b242844bc835f9c,cb5c6aa78c77e6ae54a5f16c7aa972bb85b6a752957081208b242844bc835f9c
broadband_xorshift,100000000000,3,18,0,0,fcfbe4b9083856d0878c54e4d6a5a400e98dfcb34f91c16f45a82fb5bd3710ac,fcfbe4b9083856d0878c54e4d6a5a400e98dfcb34f91c16f45a82fb5bd3710ac
broadband_xorshift,100000000000,4,8,0,0,5c803f3a5af12766bc8edcb9d6301934545539d191509a2fab39a793841d2f05,5c803f3a5af12766bc8edcb9d6301934545539d191509a2fab39a793841d2f05
broadband_xorshift,100000000000,5,16,0,0,5c5ffb1933355da6c3169afde068a8cbf406429881432994e9bd042fd08df871,5c5ffb1933355da6c3169afde068a8cbf406429881432994e9bd042fd08df871
broadband_xorshift,100000000000,6,21,0,0,0b69ea5478a766ec4d5f6e4af3614d22e030af92d2a2169f199257e28f7722bb,0b69ea5478a766ec4d5f6e4af3614d22e030af92d2a2169f199257e28f7722bb
broadband_xorshift,100000000000,7,16,0,0,cccfc1ecbade94e4bd1ccacc6efcd341ae12428e773a7056f04db88c8ce3ce06,cccfc1ecbade94e4bd1ccacc6efcd341ae12428e773a7056f04db88c8ce3ce06
broadband_xorshift,100000000000,8,50,0,0,6a8f31c198cc9f44c6ccb53e17c58ad184e356eae438c50681c791eabe9821c1,6a8f31c198cc9f44c6ccb53e17c58ad184e356eae438c50681c791eabe9821c1
broadband_xorshift,1000000000000,0,178,0,0,5204d776331afa7b080857c9c489287fd4a739e8241283a9fd8ea94bbb0a4fe6,5204d776331afa7b080857c9c489287fd4a739e8241283a9fd8ea94bbb0a4fe6
broadband_xorshift,1000000000000,1,124,0,0,913d4cc3921b893b7f310f3b86f0d202b468acb1262b69bb9dc838ef7a853974,913d4cc3921b893b7f310f3b86f0d202b468acb1262b69bb9dc838ef7a853974
broadband_xorshift,1000000000000,2,141,0,0,461c6d7020eb821fb64f00bd5fe5f349574ec9df086f96ba30c6185ad51075b1,461c6d7020eb821fb64f00bd5fe5f349574ec9df086f96ba30c6185ad51075b1
broadband_xorshift,1000000000000,3,151,0,0,d73a714d14d6236f32382e978f5563307072ea80f7b53fb39c37f865984b88a0,d73a714d14d6236f32382e978f5563307072ea80f7b53fb39c37f865984b88a0
broadband_xorshift,1000000000000,4,116,0,0,425f65e52878db71cc7efb35a9eefd8e06642fe1959fbef0da16822448954622,425f65e52878db71cc7efb35a9eefd8e06642fe1959fbef0da16822448954622
broadband_xorshift,1000000000000,5,129,0,0,871c0bd25d273e9ab61f902624d79a9c8f84d19f0c3abbb2640a73972f886de7,871c0bd25d273e9ab61f902624d79a9c8f84d19f0c3abbb2640a73972f886de7
broadband_xorshift,1000000000000,6,137,0,0,00c7a64326a271d531ccdde932cccc4fded60b3c44e0d3f9ef99893408bfd029,00c7a64326a271d531ccdde932cccc4fded60b3c44e0d3f9ef99893408bfd029
broadband_xorshift,1000000000000,7,142,0,0,1185617d021821f19c2ba0e39fe6a3a1991ba71a44a20779832c51b73ef71a2c,1185617d021821f19c2ba0e39fe6a3a1991ba71a44a20779832c51b73ef71a2c
broadband_xorshift,1000000000000,8,211,0,0,73478ca15d0b290efd6bd7e764e0677df1da55cccf11aed12a96535ac3053009,73478ca15d0b290efd6bd7e764e0677df1da55cccf11aed12a96535ac3053009
broadband_xorshift,10000000000000,0,255,0,0,3a7c4cf1424848b98896ab2fb55198dd75d499cfe10d80accef10f5de12cdf99,3a7c4cf1424848b98896ab2fb55198dd75d499cfe10d80accef10f5de12cdf99
broadband_xorshift,10000000000000,1,255,0,0,d6fe4a72c1431a68e68e47d16be0743917bae54494ca24686cf808704649ba14,d6fe4a72c1431a68e68e47d16be0743917bae54494ca24686cf808704649ba14
broadband_xorshift,10000000000000,2,255,0,0,0043bab154634877576c875a4e459d95ef5df2a139a0c6f15345d45a3c6e38c2,0043bab154634877576c875a4e459d95ef5df2a139a0c6f15345d45a3c6e38c2
broadband_xorshift,10000000000000,3,255,0,0,a45bf2682a8c7c5ecbcf6bcbfceac89a5003f66c79967b72cb090e2bbe656752,a45bf2682a8c7c5ecbcf6bcbfceac89a5003f66c79967b72cb090e2bbe656752
broadband_xorshift,10000000000000,4,255,0,0,9e2811220f22729ef0b70610eedd232de5e2451b86dc645df959b76a0c767d37,9e2811220f22729ef0b70610eedd232de5e2451b86dc645df959b76a0c767d37
broadband_xorshift,10000000000000,5,255,0,0,182e1318c3e2f35b80517e797657645885d47b9a35edf7a264e3fdb3a54aae74,182e1318c3e2f35b80517e797657645885d47b9a35edf7a264e3fdb3a54aae74
broadband_xorshift,10000000000000,6,255,0,0,3a7597ac0ca6380d0d98c1add79cb3eadd6915309ae79a39b735a90b16cac211,3a7597ac0ca6380d0d98c1add79cb3eadd6915309ae79a39b735a90b16cac211
broadband_xorshift,10000000000000,7,255,0,0,28206d2e8023d6ceff2ad5e18aaa95aaca3735753577934f18fb579a099ffb91,28206d2e8023d6ceff2ad5e18aaa95aaca3735753577934f18fb579a099ffb91
broadband_xorshift,10000000000000,8,255,0,0,964981e8c1607dcd14d8592847d4de09c442d6a8f8d17d63f7a9ac8e597583b9,964981e8c1607dcd14d8592847d4de09c442d6a8f8d17d63f7a9ac8e597583b9
broadband_xorshift,72057594037927935,0,255,0,0,3a7c4cf1424848b98896ab2fb55198dd75d499cfe10d80accef10f5de12cdf99,3a7c4cf1424848b98896ab2fb55198dd75d499cfe10d80accef10f5de12cdf99
broadband_xorshift,72057594037927935,1,255,0,0,d6fe4a72c1431a68e68e47d16be0743917bae54494ca24686cf808704649ba14,d6fe4a72c1431a68e68e47d16be0743917bae54494ca24686cf808704649ba14
broadband_xorshift,72057594037927935,2,255,0,0,0043bab154634877576c875a4e459d95ef5df2a139a0c6f15345d45a3c6e38c2,0043bab154634877576c875a4e459d95ef5df2a139a0c6f15345d45a3c6e38c2
broadband_xorshift,72057594037927935,3,255,0,0,a45bf2682a8c7c5ecbcf6bcbfceac89a5003f66c79967b72cb090e2bbe656752,a45bf2682a8c7c5ecbcf6bcbfceac89a5003f66c79967b72cb090e2bbe656752
broadband_xorshift,72057594037927935,4,255,0,0,9e2811220f22729ef0b70610eedd232de5e2451b86dc645df959b76a0c767d37,9e2811220f22729ef0b70610eedd232de5e2451b86dc645df959b76a0c767d37
broadband_xorshift,72057594037927935,5,255,0,0,182e1318c3e2f35b80517e797657645885d47b9a35edf7a264e3fdb3a54aae74,182e1318c3e2f35b80517e797657645885d47b9a35edf7a264e3fdb3a54aae74
broadband_xorshift,72057594037927935,6,255,0,0,3a7597ac0ca6380d0d98c1add79cb3eadd6915309ae79a39b735a90b16cac211,3a7597ac0ca6380d0d98c1add79cb3eadd6915309ae79a39b735a90b16cac211
broadband_xorshift,72057594037927935,7,255,0,0,28206d2e8023d6ceff2ad5e18aaa95aaca3735753577934f18fb579a099ffb91,28206d2e8023d6ceff2ad5e18aaa95aaca3735753577934f18fb579a099ffb91
broadband_xorshift,72057594037927935,8,255,0,0,964981e8c1607dcd14d8592847d4de09c442d6a8f8d17d63f7a9ac8e597583b9,964981e8c1607dcd14d8592847d4de09c442d6a8f8d17d63f7a9ac8e597583b9
transient_bipolar,0,0,0,192,0,df6e944ba598c60d2ff85ba08b7aa0d04a209e0fc2e01c2c636199471f1f8f96,df6e944ba598c60d2ff85ba08b7aa0d04a209e0fc2e01c2c636199471f1f8f96
transient_bipolar,0,1,0,192,0,22f38c48858cb5eb7109aa7c81a077acd2b25cf617f2e7b386b936989db50342,22f38c48858cb5eb7109aa7c81a077acd2b25cf617f2e7b386b936989db50342
transient_bipolar,0,2,0,0,0,82b3381f5ca248741a68b5466f25de5323d730dbf8e98deb4cee5f03eb12f14a,82b3381f5ca248741a68b5466f25de5323d730dbf8e98deb4cee5f03eb12f14a
transient_bipolar,0,3,0,0,0,9c8daa336ab5a552d063ab2b7b39e4944e555fd1d4c7ac6169b69082bfb90ee4,9c8daa336ab5a552d063ab2b7b39e4944e555fd1d4c7ac6169b69082bfb90ee4
transient_bipolar,0,4,0,192,0,ce10ea0c9408cef55fa351697c64266100c14c6b5ef0a8ee1736403c27f29ca2,ce10ea0c9408cef55fa351697c64266100c14c6b5ef0a8ee1736403c27f29ca2
transient_bipolar,0,5,0,192,0,1e7abba66cb97a34d8f764297902b235db76eb27e84bc4852cef681b36acab3b,1e7abba66cb97a34d8f764297902b235db76eb27e84bc4852cef681b36acab3b
transient_bipolar,0,6,256,256,0,c6c68a716cfd6938944494f3ec8bc79611ba83e51ba5b3f126d3996b8d0b39a0,c6c68a716cfd6938944494f3ec8bc79611ba83e51ba5b3f126d3996b8d0b39a0
transient_bipolar,0,7,0,240,0,22751bb2fafa1750e8a7655f6a1a557271e66c1d5ef07330c631326b45b1d33c,22751bb2fafa1750e8a7655f6a1a557271e66c1d5ef07330c631326b45b1d33c
transient_bipolar,0,8,0,240,0,8e43d08f0f2020339bd2789a6069a9acafea62770adaaf46081eeed28a127705,8e43d08f0f2020339bd2789a6069a9acafea62770adaaf46081eeed28a127705
transient_bipolar,100000000,0,255,0,0,2fbb3ed03daafc2531890fc009146dc99f6a22480ef9c72b8c701ef12dfc62e5,2fbb3ed03daafc2531890fc009146dc99f6a22480ef9c72b8c701ef12dfc62e5
transient_bipolar,100000000,1,0,192,0,22f38c48858cb5eb7109aa7c81a077acd2b25cf617f2e7b386b936989db50342,22f38c48858cb5eb7109aa7c81a077acd2b25cf617f2e7b386b936989db50342
transient_bipolar,100000000,2,21,0,0,cce73081de7baee352c0febf89994b6e0ca5dc60e45170031f36174dddb2a0ab,cce73081de7baee352c0febf89994b6e0ca5dc60e45170031f36174dddb2a0ab
transient_bipolar,100000000,3,13,0,0,9bb3bc4e59d24d305173f1292cc9dd541d499825b108a31bf4fc6df5eddaac9f,9bb3bc4e59d24d305173f1292cc9dd541d499825b108a31bf4fc6df5eddaac9f
transient_bipolar,100000000,4,0,192,0,ce10ea0c9408cef55fa351697c64266100c14c6b5ef0a8ee1736403c27f29ca2,ce10ea0c9408cef55fa351697c64266100c14c6b5ef0a8ee1736403c27f29ca2
transient_bipolar,100000000,5,255,0,0,5813ed29412c95260f56c747fb185c29dfcbcb7710f45dc935238ec9353f30b4,5813ed29412c95260f56c747fb185c29dfcbcb7710f45dc935238ec9353f30b4
transient_bipolar,100000000,6,256,256,0,c6c68a716cfd6938944494f3ec8bc79611ba83e51ba5b3f126d3996b8d0b39a0,c6c68a716cfd6938944494f3ec8bc79611ba83e51ba5b3f126d3996b8d0b39a0
transient_bipolar,100000000,7,0,240,0,22751bb2fafa1750e8a7655f6a1a557271e66c1d5ef07330c631326b45b1d33c,22751bb2fafa1750e8a7655f6a1a557271e66c1d5ef07330c631326b45b1d33c
transient_bipolar,100000000,8,255,0,0,7218c32a4b7eab779aadfa01dda0d24fdb75d0c420eb4787dfeca4125c78d80d,7218c32a4b7eab779aadfa01dda0d24fdb75d0c420eb4787dfeca4125c78d80d
transient_bipolar,1000000000,0,255,0,0,2fbb3ed03daafc2531890fc009146dc99f6a22480ef9c72b8c701ef12dfc62e5,2fbb3ed03daafc2531890fc009146dc99f6a22480ef9c72b8c701ef12dfc62e5
transient_bipolar,1000000000,1,0,192,0,22f38c48858cb5eb7109aa7c81a077acd2b25cf617f2e7b386b936989db50342,22f38c48858cb5eb7109aa7c81a077acd2b25cf617f2e7b386b936989db50342
transient_bipolar,1000000000,2,69,0,0,244cf1161307d9a7c76dbf7475cf0212ba06db621c7a7a983372c091435d5ec4,244cf1161307d9a7c76dbf7475cf0212ba06db621c7a7a983372c091435d5ec4
transient_bipolar,1000000000,3,39,0,0,9c16803c5723f05e8306ad5bf7e4673abb27c9a83898e465e12aec11096766c4,9c16803c5723f05e8306ad5bf7e4673abb27c9a83898e465e12aec11096766c4
transient_bipolar,1000000000,4,0,192,0,ce10ea0c9408cef55fa351697c64266100c14c6b5ef0a8ee1736403c27f29ca2,ce10ea0c9408cef55fa351697c64266100c14c6b5ef0a8ee1736403c27f29ca2
transient_bipolar,1000000000,5,255,0,0,5813ed29412c95260f56c747fb185c29dfcbcb7710f45dc935238ec9353f30b4,5813ed29412c95260f56c747fb185c29dfcbcb7710f45dc935238ec9353f30b4
transient_bipolar,1000000000,6,256,256,0,c6c68a716cfd6938944494f3ec8bc79611ba83e51ba5b3f126d3996b8d0b39a0,c6c68a716cfd6938944494f3ec8bc79611ba83e51ba5b3f126d3996b8d0b39a0
transient_bipolar,1000000000,7,0,240,0,22751bb2fafa1750e8a7655f6a1a557271e66c1d5ef07330c631326b45b1d33c,22751bb2fafa1750e8a7655f6a1a557271e66c1d5ef07330c631326b45b1d33c
transient_bipolar,1000000000,8,255,0,0,7218c32a4b7eab779aadfa01dda0d24fdb75d0c420eb4787dfeca4125c78d80d,7218c32a4b7eab779aadfa01dda0d24fdb75d0c420eb4787dfeca4125c78d80d
transient_bipolar,10000000000,0,255,0,0,2fbb3ed03daafc2531890fc009146dc99f6a22480ef9c72b8c701ef12dfc62e5,2fbb3ed03daafc2531890fc009146dc99f6a22480ef9c72b8c701ef12dfc62e5
transient_bipolar,10000000000,1,0,192,0,22f38c48858cb5eb7109aa7c81a077acd2b25cf617f2e7b386b936989db50342,22f38c48858cb5eb7109aa7c81a077acd2b25cf617f2e7b386b936989db50342
transient_bipolar,10000000000,2,199,0,0,fd870f412bd1924c905fd88fd246f075ddd4e78de3087c29318861492edafe35,fd870f412bd1924c905fd88fd246f075ddd4e78de3087c29318861492edafe35
transient_bipolar,10000000000,3,83,0,0,554d64e310a4c033660d2d04792135bf0f4c37201ebe0437899eae4dd06eb15c,554d64e310a4c033660d2d04792135bf0f4c37201ebe0437899eae4dd06eb15c
transient_bipolar,10000000000,4,0,192,0,ce10ea0c9408cef55fa351697c64266100c14c6b5ef0a8ee1736403c27f29ca2,ce10ea0c9408cef55fa351697c64266100c14c6b5ef0a8ee1736403c27f29ca2
transient_bipolar,10000000000,5,255,0,0,5813ed29412c95260f56c747fb185c29dfcbcb7710f45dc935238ec9353f30b4,5813ed29412c95260f56c747fb185c29dfcbcb7710f45dc935238ec9353f30b4
transient_bipolar,10000000000,6,256,256,0,c6c68a716cfd6938944494f3ec8bc79611ba83e51ba5b3f126d3996b8d0b39a0,c6c68a716cfd6938944494f3ec8bc79611ba83e51ba5b3f126d3996b8d0b39a0
transient_bipolar,10000000000,7,255,0,0,bf2f3cc23c2a3085f4c1dd2eafbf6b807b83d1ff3e730b6a55a1f5b18ba3f1bc,bf2f3cc23c2a3085f4c1dd2eafbf6b807b83d1ff3e730b6a55a1f5b18ba3f1bc
transient_bipolar,10000000000,8,255,0,0,7218c32a4b7eab779aadfa01dda0d24fdb75d0c420eb4787dfeca4125c78d80d,7218c32a4b7eab779aadfa01dda0d24fdb75d0c420eb4787dfeca4125c78d80d
transient_bipolar,100000000000,0,255,0,0,2fbb3ed03daafc2531890fc009146dc99f6a22480ef9c72b8c701ef12dfc62e5,2fbb3ed03daafc2531890fc009146dc99f6a22480ef9c72b8c701ef12dfc62e5
transient_bipolar,100000000000,1,255,0,0,dea6d6fccb691ca1b3e8f7a13105cea00d1f23601da20225a302c509c0aa93a6,dea6d6fccb691ca1b3e8f7a13105cea00d1f23601da20225a302c509c0aa93a6
transient_bipolar,100000000000,2,233,0,0,1aa561739fc63fa4fded06a175932e96523a677f8dbd863d0a9d9b9bcb489196,1aa561739fc63fa4fded06a175932e96523a677f8dbd863d0a9d9b9bcb489196
transient_bipolar,100000000000,3,183,0,0,e1a9c6e26f231abdfdf682f7f04a6f16c263cbf1ecb572dfd96c942c24e46216,e1a9c6e26f231abdfdf682f7f04a6f16c263cbf1ecb572dfd96c942c24e46216
transient_bipolar,100000000000,4,255,0,0,497157872b3b51e60f1a2d2947a4fef0f4d1a25f21c993c2178706b91cee649e,497157872b3b51e60f1a2d2947a4fef0f4d1a25f21c993c2178706b91cee649e
transient_bipolar,100000000000,5,255,0,0,5813ed29412c95260f56c747fb185c29dfcbcb7710f45dc935238ec9353f30b4,5813ed29412c95260f56c747fb185c29dfcbcb7710f45dc935238ec9353f30b4
transient_bipolar,100000000000,6,256,256,0,c6c68a716cfd6938944494f3ec8bc79611ba83e51ba5b3f126d3996b8d0b39a0,c6c68a716cfd6938944494f3ec8bc79611ba83e51ba5b3f126d3996b8d0b39a0
transient_bipolar,100000000000,7,255,0,0,bf2f3cc23c2a3085f4c1dd2eafbf6b807b83d1ff3e730b6a55a1f5b18ba3f1bc,bf2f3cc23c2a3085f4c1dd2eafbf6b807b83d1ff3e730b6a55a1f5b18ba3f1bc
transient_bipolar,100000000000,8,255,0,0,7218c32a4b7eab779aadfa01dda0d24fdb75d0c420eb4787dfeca4125c78d80d,7218c32a4b7eab779aadfa01dda0d24fdb75d0c420eb4787dfeca4125c78d80d
transient_bipolar,1000000000000,0,255,0,0,2fbb3ed03daafc2531890fc009146dc99f6a22480ef9c72b8c701ef12dfc62e5,2fbb3ed03daafc2531890fc009146dc99f6a22480ef9c72b8c701ef12dfc62e5
transient_bipolar,1000000000000,1,255,0,0,dea6d6fccb691ca1b3e8f7a13105cea00d1f23601da20225a302c509c0aa93a6,dea6d6fccb691ca1b3e8f7a13105cea00d1f23601da20225a302c509c0aa93a6
transient_bipolar,1000000000000,2,255,0,0,ed2d0fe2bdb8fdccfd1f06d5563f8ebeacc3e3f1b841d6e064774a41e3250d1c,ed2d0fe2bdb8fdccfd1f06d5563f8ebeacc3e3f1b841d6e064774a41e3250d1c
transient_bipolar,1000000000000,3,235,0,0,9c54f39466144ef76227758916736cd8dbaeafa30e178d4e4ccac7ed0303c0f0,9c54f39466144ef76227758916736cd8dbaeafa30e178d4e4ccac7ed0303c0f0
transient_bipolar,1000000000000,4,255,0,0,497157872b3b51e60f1a2d2947a4fef0f4d1a25f21c993c2178706b91cee649e,497157872b3b51e60f1a2d2947a4fef0f4d1a25f21c993c2178706b91cee649e
transient_bipolar,1000000000000,5,255,0,0,5813ed29412c95260f56c747fb185c29dfcbcb7710f45dc935238ec9353f30b4,5813ed29412c95260f56c747fb185c29dfcbcb7710f45dc935238ec9353f30b4
transient_bipolar,1000000000000,6,256,256,0,c6c68a716cfd6938944494f3ec8bc79611ba83e51ba5b3f126d3996b8d0b39a0,c6c68a716cfd6938944494f3ec8bc79611ba83e51ba5b3f126d3996b8d0b39a0
transient_bipolar,1000000000000,7,255,0,0,bf2f3cc23c2a3085f4c1dd2eafbf6b807b83d1ff3e730b6a55a1f5b18ba3f1bc,bf2f3cc23c2a3085f4c1dd2eafbf6b807b83d1ff3e730b6a55a1f5b18ba3f1bc
transient_bipolar,1000000000000,8,255,0,0,7218c32a4b7eab779aadfa01dda0d24fdb75d0c420eb4787dfeca4125c78d80d,7218c32a4b7eab779aadfa01dda0d24fdb75d0c420eb4787dfeca4125c78d80d
transient_bipolar,10000000000000,0,255,0,0,2fbb3ed03daafc2531890fc009146dc99f6a22480ef9c72b8c701ef12dfc62e5,2fbb3ed03daafc2531890fc009146dc99f6a22480ef9c72b8c701ef12dfc62e5
transient_bipolar,10000000000000,1,255,0,0,dea6d6fccb691ca1b3e8f7a13105cea00d1f23601da20225a302c509c0aa93a6,dea6d6fccb691ca1b3e8f7a13105cea00d1f23601da20225a302c509c0aa93a6
transient_bipolar,10000000000000,2,255,0,0,ed2d0fe2bdb8fdccfd1f06d5563f8ebeacc3e3f1b841d6e064774a41e3250d1c,ed2d0fe2bdb8fdccfd1f06d5563f8ebeacc3e3f1b841d6e064774a41e3250d1c
transient_bipolar,10000000000000,3,255,0,0,d385e4e52a1e26165f31b8f5f4dd10a29efe949782fae253d29014c324c26178,d385e4e52a1e26165f31b8f5f4dd10a29efe949782fae253d29014c324c26178
transient_bipolar,10000000000000,4,255,0,0,497157872b3b51e60f1a2d2947a4fef0f4d1a25f21c993c2178706b91cee649e,497157872b3b51e60f1a2d2947a4fef0f4d1a25f21c993c2178706b91cee649e
transient_bipolar,10000000000000,5,255,0,0,5813ed29412c95260f56c747fb185c29dfcbcb7710f45dc935238ec9353f30b4,5813ed29412c95260f56c747fb185c29dfcbcb7710f45dc935238ec9353f30b4
transient_bipolar,10000000000000,6,256,256,0,c6c68a716cfd6938944494f3ec8bc79611ba83e51ba5b3f126d3996b8d0b39a0,c6c68a716cfd6938944494f3ec8bc79611ba83e51ba5b3f126d3996b8d0b39a0
transient_bipolar,10000000000000,7,255,0,0,bf2f3cc23c2a3085f4c1dd2eafbf6b807b83d1ff3e730b6a55a1f5b18ba3f1bc,bf2f3cc23c2a3085f4c1dd2eafbf6b807b83d1ff3e730b6a55a1f5b18ba3f1bc
transient_bipolar,10000000000000,8,255,0,0,7218c32a4b7eab779aadfa01dda0d24fdb75d0c420eb4787dfeca4125c78d80d,7218c32a4b7eab779aadfa01dda0d24fdb75d0c420eb4787dfeca4125c78d80d
transient_bipolar,72057594037927935,0,255,0,0,2fbb3ed03daafc2531890fc009146dc99f6a22480ef9c72b8c701ef12dfc62e5,2fbb3ed03daafc2531890fc009146dc99f6a22480ef9c72b8c701ef12dfc62e5
transient_bipolar,72057594037927935,1,255,0,0,dea6d6fccb691ca1b3e8f7a13105cea00d1f23601da20225a302c509c0aa93a6,dea6d6fccb691ca1b3e8f7a13105cea00d1f23601da20225a302c509c0aa93a6
transient_bipolar,72057594037927935,2,255,0,0,ed2d0fe2bdb8fdccfd1f06d5563f8ebeacc3e3f1b841d6e064774a41e3250d1c,ed2d0fe2bdb8fdccfd1f06d5563f8ebeacc3e3f1b841d6e064774a41e3250d1c
transient_bipolar,72057594037927935,3,255,0,0,d385e4e52a1e26165f31b8f5f4dd10a29efe949782fae253d29014c324c26178,d385e4e52a1e26165f31b8f5f4dd10a29efe949782fae253d29014c324c26178
transient_bipolar,72057594037927935,4,255,0,0,497157872b3b51e60f1a2d2947a4fef0f4d1a25f21c993c2178706b91cee649e,497157872b3b51e60f1a2d2947a4fef0f4d1a25f21c993c2178706b91cee649e
transient_bipolar,72057594037927935,5,255,0,0,5813ed29412c95260f56c747fb185c29dfcbcb7710f45dc935238ec9353f30b4,5813ed29412c95260f56c747fb185c29dfcbcb7710f45dc935238ec9353f30b4
transient_bipolar,72057594037927935,6,256,256,0,c6c68a716cfd6938944494f3ec8bc79611ba83e51ba5b3f126d3996b8d0b39a0,c6c68a716cfd6938944494f3ec8bc79611ba83e51ba5b3f126d3996b8d0b39a0
transient_bipolar,72057594037927935,7,255,0,0,bf2f3cc23c2a3085f4c1dd2eafbf6b807b83d1ff3e730b6a55a1f5b18ba3f1bc,bf2f3cc23c2a3085f4c1dd2eafbf6b807b83d1ff3e730b6a55a1f5b18ba3f1bc
transient_bipolar,72057594037927935,8,255,0,0,7218c32a4b7eab779aadfa01dda0d24fdb75d0c420eb4787dfeca4125c78d80d,7218c32a4b7eab779aadfa01dda0d24fdb75d0c420eb4787dfeca4125c78d80d
zero_control,0,0,256,256,0,c6c68a716cfd6938944494f3ec8bc79611ba83e51ba5b3f126d3996b8d0b39a0,c6c68a716cfd6938944494f3ec8bc79611ba83e51ba5b3f126d3996b8d0b39a0
zero_control,0,1,256,256,0,c6c68a716cfd6938944494f3ec8bc79611ba83e51ba5b3f126d3996b8d0b39a0,c6c68a716cfd6938944494f3ec8bc79611ba83e51ba5b3f126d3996b8d0b39a0
zero_control,0,2,256,256,0,c6c68a716cfd6938944494f3ec8bc79611ba83e51ba5b3f126d3996b8d0b39a0,c6c68a716cfd6938944494f3ec8bc79611ba83e51ba5b3f126d3996b8d0b39a0
zero_control,0,3,256,256,0,c6c68a716cfd6938944494f3ec8bc79611ba83e51ba5b3f126d3996b8d0b39a0,c6c68a716cfd6938944494f3ec8bc79611ba83e51ba5b3f126d3996b8d0b39a0
zero_control,0,4,256,256,0,c6c68a716cfd6938944494f3ec8bc79611ba83e51ba5b3f126d3996b8d0b39a0,c6c68a716cfd6938944494f3ec8bc79611ba83e51ba5b3f126d3996b8d0b39a0
zero_control,0,5,256,256,0,c6c68a716cfd6938944494f3ec8bc79611ba83e51ba5b3f126d3996b8d0b39a0,c6c68a716cfd6938944494f3ec8bc79611ba83e51ba5b3f126d3996b8d0b39a0
zero_control,0,6,256,256,0,c6c68a716cfd6938944494f3ec8bc79611ba83e51ba5b3f126d3996b8d0b39a0,c6c68a716cfd6938944494f3ec8bc79611ba83e51ba5b3f126d3996b8d0b39a0
zero_control,0,7,256,256,0,c6c68a716cfd6938944494f3ec8bc79611ba83e51ba5b3f126d3996b8d0b39a0,c6c68a716cfd6938944494f3ec8bc79611ba83e51ba5b3f126d3996b8d0b39a0
zero_control,0,8,256,256,0,c6c68a716cfd6938944494f3ec8bc79611ba83e51ba5b3f126d3996b8d0b39a0,c6c68a716cfd6938944494f3ec8bc79611ba83e51ba5b3f126d3996b8d0b39a0
zero_control,100000000,0,256,256,0,c6c68a716cfd6938944494f3ec8bc79611ba83e51ba5b3f126d3996b8d0b39a0,c6c68a716cfd6938944494f3ec8bc79611ba83e51ba5b3f126d3996b8d0b39a0
zero_control,100000000,1,256,256,0,c6c68a716cfd6938944494f3ec8bc79611ba83e51ba5b3f126d3996b8d0b39a0,c6c68a716cfd6938944494f3ec8bc79611ba83e51ba5b3f126d3996b8d0b39a0
zero_control,100000000,2,256,256,0,c6c68a716cfd6938944494f3ec8bc79611ba83e51ba5b3f126d3996b8d0b39a0,c6c68a716cfd6938944494f3ec8bc79611ba83e51ba5b3f126d3996b8d0b39a0
zero_control,100000000,3,256,256,0,c6c68a716cfd6938944494f3ec8bc79611ba83e51ba5b3f126d3996b8d0b39a0,c6c68a716cfd6938944494f3ec8bc79611ba83e51ba5b3f126d3996b8d0b39a0
zero_control,100000000,4,256,256,0,c6c68a716cfd6938944494f3ec8bc79611ba83e51ba5b3f126d3996b8d0b39a0,c6c68a716cfd6938944494f3ec8bc79611ba83e51ba5b3f126d3996b8d0b39a0
zero_control,100000000,5,256,256,0,c6c68a716cfd6938944494f3ec8bc79611ba83e51ba5b3f126d3996b8d0b39a0,c6c68a716cfd6938944494f3ec8bc79611ba83e51ba5b3f126d3996b8d0b39a0
zero_control,100000000,6,256,256,0,c6c68a716cfd6938944494f3ec8bc79611ba83e51ba5b3f126d3996b8d0b39a0,c6c68a716cfd6938944494f3ec8bc79611ba83e51ba5b3f126d3996b8d0b39a0
zero_control,100000000,7,256,256,0,c6c68a716cfd6938944494f3ec8bc79611ba83e51ba5b3f126d3996b8d0b39a0,c6c68a716cfd6938944494f3ec8bc79611ba83e51ba5b3f126d3996b8d0b39a0
zero_control,100000000,8,256,256,0,c6c68a716cfd6938944494f3ec8bc79611ba83e51ba5b3f126d3996b8d0b39a0,c6c68a716cfd6938944494f3ec8bc79611ba83e51ba5b3f126d3996b8d0b39a0
zero_control,1000000000,0,256,256,0,c6c68a716cfd6938944494f3ec8bc79611ba83e51ba5b3f126d3996b8d0b39a0,c6c68a716cfd6938944494f3ec8bc79611ba83e51ba5b3f126d3996b8d0b39a0
zero_control,1000000000,1,256,256,0,c6c68a716cfd6938944494f3ec8bc79611ba83e51ba5b3f126d3996b8d0b39a0,c6c68a716cfd6938944494f3ec8bc79611ba83e51ba5b3f126d3996b8d0b39a0
zero_control,1000000000,2,256,256,0,c6c68a716cfd6938944494f3ec8bc79611ba83e51ba5b3f126d3996b8d0b39a0,c6c68a716cfd6938944494f3ec8bc79611ba83e51ba5b3f126d3996b8d0b39a0
zero_control,1000000000,3,256,256,0,c6c68a716cfd6938944494f3ec8bc79611ba83e51ba5b3f126d3996b8d0b39a0,c6c68a716cfd6938944494f3ec8bc79611ba83e51ba5b3f126d3996b8d0b39a0
zero_control,1000000000,4,256,256,0,c6c68a716cfd6938944494f3ec8bc79611ba83e51ba5b3f126d3996b8d0b39a0,c6c68a716cfd6938944494f3ec8bc79611ba83e51ba5b3f126d3996b8d0b39a0
zero_control,1000000000,5,256,256,0,c6c68a716cfd6938944494f3ec8bc79611ba83e51ba5b3f126d3996b8d0b39a0,c6c68a716cfd6938944494f3ec8bc79611ba83e51ba5b3f126d3996b8d0b39a0
zero_control,1000000000,6,256,256,0,c6c68a716cfd6938944494f3ec8bc79611ba83e51ba5b3f126d3996b8d0b39a0,c6c68a716cfd6938944494f3ec8bc79611ba83e51ba5b3f126d3996b8d0b39a0
zero_control,1000000000,7,256,256,0,c6c68a716cfd6938944494f3ec8bc79611ba83e51ba5b3f126d3996b8d0b39a0,c6c68a716cfd6938944494f3ec8bc79611ba83e51ba5b3f126d3996b8d0b39a0
zero_control,1000000000,8,256,256,0,c6c68a716cfd6938944494f3ec8bc79611ba83e51ba5b3f126d3996b8d0b39a0,c6c68a716cfd6938944494f3ec8bc79611ba83e51ba5b3f126d3996b8d0b39a0
zero_control,10000000000,0,256,256,0,c6c68a716cfd6938944494f3ec8bc79611ba83e51ba5b3f126d3996b8d0b39a0,c6c68a716cfd6938944494f3ec8bc79611ba83e51ba5b3f126d3996b8d0b39a0
zero_control,10000000000,1,256,256,0,c6c68a716cfd6938944494f3ec8bc79611ba83e51ba5b3f126d3996b8d0b39a0,c6c68a716cfd6938944494f3ec8bc79611ba83e51ba5b3f126d3996b8d0b39a0
zero_control,10000000000,2,256,256,0,c6c68a716cfd6938944494f3ec8bc79611ba83e51ba5b3f126d3996b8d0b39a0,c6c68a716cfd6938944494f3ec8bc79611ba83e51ba5b3f126d3996b8d0b39a0
zero_control,10000000000,3,256,256,0,c6c68a716cfd6938944494f3ec8bc79611ba83e51ba5b3f126d3996b8d0b39a0,c6c68a716cfd6938944494f3ec8bc79611ba83e51ba5b3f126d3996b8d0b39a0
zero_control,10000000000,4,256,256,0,c6c68a716cfd6938944494f3ec8bc79611ba83e51ba5b3f126d3996b8d0b39a0,c6c68a716cfd6938944494f3ec8bc79611ba83e51ba5b3f126d3996b8d0b39a0
zero_control,10000000000,5,256,256,0,c6c68a716cfd6938944494f3ec8bc79611ba83e51ba5b3f126d3996b8d0b39a0,c6c68a716cfd6938944494f3ec8bc79611ba83e51ba5b3f126d3996b8d0b39a0
zero_control,10000000000,6,256,256,0,c6c68a716cfd6938944494f3ec8bc79611ba83e51ba5b3f126d3996b8d0b39a0,c6c68a716cfd6938944494f3ec8bc79611ba83e51ba5b3f126d3996b8d0b39a0
zero_control,10000000000,7,256,256,0,c6c68a716cfd6938944494f3ec8bc79611ba83e51ba5b3f126d3996b8d0b39a0,c6c68a716cfd6938944494f3ec8bc79611ba83e51ba5b3f126d3996b8d0b39a0
zero_control,10000000000,8,256,256,0,c6c68a716cfd6938944494f3ec8bc79611ba83e51ba5b3f126d3996b8d0b39a0,c6c68a716cfd6938944494f3ec8bc79611ba83e51ba5b3f126d3996b8d0b39a0
zero_control,100000000000,0,256,256,0,c6c68a716cfd6938944494f3ec8bc79611ba83e51ba5b3f126d3996b8d0b39a0,c6c68a716cfd6938944494f3ec8bc79611ba83e51ba5b3f126d3996b8d0b39a0
zero_control,100000000000,1,256,256,0,c6c68a716cfd6938944494f3ec8bc79611ba83e51ba5b3f126d3996b8d0b39a0,c6c68a716cfd6938944494f3ec8bc79611ba83e51ba5b3f126d3996b8d0b39a0
zero_control,100000000000,2,256,256,0,c6c68a716cfd6938944494f3ec8bc79611ba83e51ba5b3f126d3996b8d0b39a0,c6c68a716cfd6938944494f3ec8bc79611ba83e51ba5b3f126d3996b8d0b39a0
zero_control,100000000000,3,256,256,0,c6c68a716cfd6938944494f3ec8bc79611ba83e51ba5b3f126d3996b8d0b39a0,c6c68a716cfd6938944494f3ec8bc79611ba83e51ba5b3f126d3996b8d0b39a0
zero_control,100000000000,4,256,256,0,c6c68a716cfd6938944494f3ec8bc79611ba83e51ba5b3f126d3996b8d0b39a0,c6c68a716cfd6938944494f3ec8bc79611ba83e51ba5b3f126d3996b8d0b39a0
zero_control,100000000000,5,256,256,0,c6c68a716cfd6938944494f3ec8bc79611ba83e51ba5b3f126d3996b8d0b39a0,c6c68a716cfd6938944494f3ec8bc79611ba83e51ba5b3f126d3996b8d0b39a0
zero_control,100000000000,6,256,256,0,c6c68a716cfd6938944494f3ec8bc79611ba83e51ba5b3f126d3996b8d0b39a0,c6c68a716cfd6938944494f3ec8bc79611ba83e51ba5b3f126d3996b8d0b39a0
zero_control,100000000000,7,256,256,0,c6c68a716cfd6938944494f3ec8bc79611ba83e51ba5b3f126d3996b8d0b39a0,c6c68a716cfd6938944494f3ec8bc79611ba83e51ba5b3f126d3996b8d0b39a0
zero_control,100000000000,8,256,256,0,c6c68a716cfd6938944494f3ec8bc79611ba83e51ba5b3f126d3996b8d0b39a0,c6c68a716cfd6938944494f3ec8bc79611ba83e51ba5b3f126d3996b8d0b39a0
zero_control,1000000000000,0,256,256,0,c6c68a716cfd6938944494f3ec8bc79611ba83e51ba5b3f126d3996b8d0b39a0,c6c68a716cfd6938944494f3ec8bc79611ba83e51ba5b3f126d3996b8d0b39a0
zero_control,1000000000000,1,256,256,0,c6c68a716cfd6938944494f3ec8bc79611ba83e51ba5b3f126d3996b8d0b39a0,c6c68a716cfd6938944494f3ec8bc79611ba83e51ba5b3f126d3996b8d0b39a0
zero_control,1000000000000,2,256,256,0,c6c68a716cfd6938944494f3ec8bc79611ba83e51ba5b3f126d3996b8d0b39a0,c6c68a716cfd6938944494f3ec8bc79611ba83e51ba5b3f126d3996b8d0b39a0
zero_control,1000000000000,3,256,256,0,c6c68a716cfd6938944494f3ec8bc79611ba83e51ba5b3f126d3996b8d0b39a0,c6c68a716cfd6938944494f3ec8bc79611ba83e51ba5b3f126d3996b8d0b39a0
zero_control,1000000000000,4,256,256,0,c6c68a716cfd6938944494f3ec8bc79611ba83e51ba5b3f126d3996b8d0b39a0,c6c68a716cfd6938944494f3ec8bc79611ba83e51ba5b3f126d3996b8d0b39a0
zero_control,1000000000000,5,256,256,0,c6c68a716cfd6938944494f3ec8bc79611ba83e51ba5b3f126d3996b8d0b39a0,c6c68a716cfd6938944494f3ec8bc79611ba83e51ba5b3f126d3996b8d0b39a0
zero_control,1000000000000,6,256,256,0,c6c68a716cfd6938944494f3ec8bc79611ba83e51ba5b3f126d3996b8d0b39a0,c6c68a716cfd6938944494f3ec8bc79611ba83e51ba5b3f126d3996b8d0b39a0
zero_control,1000000000000,7,256,256,0,c6c68a716cfd6938944494f3ec8bc79611ba83e51ba5b3f126d3996b8d0b39a0,c6c68a716cfd6938944494f3ec8bc79611ba83e51ba5b3f126d3996b8d0b39a0
zero_control,1000000000000,8,256,256,0,c6c68a716cfd6938944494f3ec8bc79611ba83e51ba5b3f126d3996b8d0b39a0,c6c68a716cfd6938944494f3ec8bc79611ba83e51ba5b3f126d3996b8d0b39a0
zero_control,10000000000000,0,256,256,0,c6c68a716cfd6938944494f3ec8bc79611ba83e51ba5b3f126d3996b8d0b39a0,c6c68a716cfd6938944494f3ec8bc79611ba83e51ba5b3f126d3996b8d0b39a0
zero_control,10000000000000,1,256,256,0,c6c68a716cfd6938944494f3ec8bc79611ba83e51ba5b3f126d3996b8d0b39a0,c6c68a716cfd6938944494f3ec8bc79611ba83e51ba5b3f126d3996b8d0b39a0
zero_control,10000000000000,2,256,256,0,c6c68a716cfd6938944494f3ec8bc79611ba83e51ba5b3f126d3996b8d0b39a0,c6c68a716cfd6938944494f3ec8bc79611ba83e51ba5b3f126d3996b8d0b39a0
zero_control,10000000000000,3,256,256,0,c6c68a716cfd6938944494f3ec8bc79611ba83e51ba5b3f126d3996b8d0b39a0,c6c68a716cfd6938944494f3ec8bc79611ba83e51ba5b3f126d3996b8d0b39a0
zero_control,10000000000000,4,256,256,0,c6c68a716cfd6938944494f3ec8bc79611ba83e51ba5b3f126d3996b8d0b39a0,c6c68a716cfd6938944494f3ec8bc79611ba83e51ba5b3f126d3996b8d0b39a0
zero_control,10000000000000,5,256,256,0,c6c68a716cfd6938944494f3ec8bc79611ba83e51ba5b3f126d3996b8d0b39a0,c6c68a716cfd6938944494f3ec8bc79611ba83e51ba5b3f126d3996b8d0b39a0
zero_control,10000000000000,6,256,256,0,c6c68a716cfd6938944494f3ec8bc79611ba83e51ba5b3f126d3996b8d0b39a0,c6c68a716cfd6938944494f3ec8bc79611ba83e51ba5b3f126d3996b8d0b39a0
zero_control,10000000000000,7,256,256,0,c6c68a716cfd6938944494f3ec8bc79611ba83e51ba5b3f126d3996b8d0b39a0,c6c68a716cfd6938944494f3ec8bc79611ba83e51ba5b3f126d3996b8d0b39a0
zero_control,10000000000000,8,256,256,0,c6c68a716cfd6938944494f3ec8bc79611ba83e51ba5b3f126d3996b8d0b39a0,c6c68a716cfd6938944494f3ec8bc79611ba83e51ba5b3f126d3996b8d0b39a0
zero_control,72057594037927935,0,256,256,0,c6c68a716cfd6938944494f3ec8bc79611ba83e51ba5b3f126d3996b8d0b39a0,c6c68a716cfd6938944494f3ec8bc79611ba83e51ba5b3f126d3996b8d0b39a0
zero_control,72057594037927935,1,256,256,0,c6c68a716cfd6938944494f3ec8bc79611ba83e51ba5b3f126d3996b8d0b39a0,c6c68a716cfd6938944494f3ec8bc79611ba83e51ba5b3f126d3996b8d0b39a0
zero_control,72057594037927935,2,256,256,0,c6c68a716cfd6938944494f3ec8bc79611ba83e51ba5b3f126d3996b8d0b39a0,c6c68a716cfd6938944494f3ec8bc79611ba83e51ba5b3f126d3996b8d0b39a0
zero_control,72057594037927935,3,256,256,0,c6c68a716cfd6938944494f3ec8bc79611ba83e51ba5b3f126d3996b8d0b39a0,c6c68a716cfd6938944494f3ec8bc79611ba83e51ba5b3f126d3996b8d0b39a0
zero_control,72057594037927935,4,256,256,0,c6c68a716cfd6938944494f3ec8bc79611ba83e51ba5b3f126d3996b8d0b39a0,c6c68a716cfd6938944494f3ec8bc79611ba83e51ba5b3f126d3996b8d0b39a0
zero_control,72057594037927935,5,256,256,0,c6c68a716cfd6938944494f3ec8bc79611ba83e51ba5b3f126d3996b8d0b39a0,c6c68a716cfd6938944494f3ec8bc79611ba83e51ba5b3f126d3996b8d0b39a0
zero_control,72057594037927935,6,256,256,0,c6c68a716cfd6938944494f3ec8bc79611ba83e51ba5b3f126d3996b8d0b39a0,c6c68a716cfd6938944494f3ec8bc79611ba83e51ba5b3f126d3996b8d0b39a0
zero_control,72057594037927935,7,256,256,0,c6c68a716cfd6938944494f3ec8bc79611ba83e51ba5b3f126d3996b8d0b39a0,c6c68a716cfd6938944494f3ec8bc79611ba83e51ba5b3f126d3996b8d0b39a0
zero_control,72057594037927935,8,256,256,0,c6c68a716cfd6938944494f3ec8bc79611ba83e51ba5b3f126d3996b8d0b39a0,c6c68a716cfd6938944494f3ec8bc79611ba83e51ba5b3f126d3996b8d0b39a0
