signal,threshold2,stage,total_butterflies,a_complex_zero,b_complex_zero,both_complex_zero,neither_complex_zero,a_re_zero,a_im_zero,b_re_zero,b_im_zero,twiddle_axis_trivial,twiddle_identity,b_zero_axis_twiddle,b_zero_nontrivial_twiddle,real_products_zero,total_real_products
measured_multitone,0,1,1152,0,0,0,1152,0,9,0,9,1152,1152,0,0,2313,4608
measured_multitone,0,2,1152,0,0,0,1152,0,18,9,9,1152,576,0,0,2322,4608
measured_multitone,0,3,1152,0,0,0,1152,0,36,9,9,576,288,0,0,1170,4608
measured_multitone,0,4,1152,0,0,0,1152,0,72,9,9,288,144,0,0,594,4608
measured_multitone,0,5,1152,0,0,0,1152,0,72,9,9,144,72,0,0,306,4608
measured_multitone,0,6,1152,0,0,0,1152,0,72,9,9,72,36,0,0,162,4608
measured_multitone,0,7,1152,0,0,0,1152,0,80,9,9,36,18,0,0,90,4608
measured_multitone,0,8,1152,0,0,0,1152,0,77,9,9,18,9,0,0,54,4608
measured_multitone,100000000,1,1152,824,833,557,52,824,833,833,833,1152,1152,833,0,3970,4608
measured_multitone,100000000,2,1152,550,564,218,256,550,568,566,566,1152,576,564,0,3436,4608
measured_multitone,100000000,3,1152,204,232,128,844,204,240,234,234,576,288,116,116,1852,4608
measured_multitone,100000000,4,1152,128,128,0,896,128,200,137,137,288,144,32,96,1042,4608
measured_multitone,100000000,5,1152,0,0,0,1152,0,72,9,9,144,72,0,0,306,4608
measured_multitone,100000000,6,1152,0,0,0,1152,0,72,9,9,72,36,0,0,162,4608
measured_multitone,100000000,7,1152,0,0,0,1152,0,86,9,9,36,18,0,0,90,4608
measured_multitone,100000000,8,1152,0,0,0,1152,0,84,9,9,18,9,0,0,54,4608
measured_multitone,1000000000,1,1152,936,945,729,0,936,945,945,945,1152,1152,945,0,4194,4608
measured_multitone,1000000000,2,1152,720,738,418,112,720,738,738,738,1152,576,738,0,3780,4608
measured_multitone,1000000000,3,1152,404,432,304,620,404,440,434,434,576,288,216,216,2452,4608
measured_multitone,1000000000,4,1152,304,304,0,544,304,376,313,313,288,144,76,228,1658,4608
measured_multitone,1000000000,5,1152,0,0,0,1152,0,72,9,9,144,72,0,0,306,4608
measured_multitone,1000000000,6,1152,0,0,0,1152,0,72,9,9,72,36,0,0,162,4608
measured_multitone,1000000000,7,1152,0,0,0,1152,0,83,9,9,36,18,0,0,90,4608
measured_multitone,1000000000,8,1152,0,0,0,1152,0,84,9,9,18,9,0,0,54,4608
measured_multitone,10000000000,1,1152,1002,1011,861,0,1002,1011,1011,1011,1152,1152,1011,0,4326,4608
measured_multitone,10000000000,2,1152,852,870,570,0,852,870,870,870,1152,576,870,0,4044,4608
measured_multitone,10000000000,3,1152,552,588,408,420,552,588,588,588,576,288,294,294,2916,4608
measured_multitone,10000000000,4,1152,408,408,96,432,408,480,417,417,288,144,102,306,2022,4608
measured_multitone,10000000000,5,1152,96,96,48,1008,96,168,105,105,144,72,12,84,666,4608
measured_multitone,10000000000,6,1152,0,96,0,1056,0,72,102,102,72,36,6,90,528,4608
measured_multitone,10000000000,7,1152,0,0,0,1152,0,105,9,9,36,18,0,0,90,4608
measured_multitone,10000000000,8,1152,0,0,0,1152,0,87,9,9,18,9,0,0,54,4608
measured_multitone,100000000000,1,1152,1063,1072,983,0,1063,1072,1072,1072,1152,1152,1072,0,4448,4608
measured_multitone,100000000000,2,1152,974,992,814,0,974,992,992,992,1152,576,992,0,4288,4608
measured_multitone,100000000000,3,1152,796,832,672,196,796,832,832,832,576,288,416,416,3648,4608
measured_multitone,100000000000,4,1152,672,672,336,144,672,744,681,681,288,144,168,504,2946,4608
measured_multitone,100000000000,5,1152,336,336,336,816,336,408,345,345,144,72,42,294,1566,4608
measured_multitone,100000000000,6,1152,224,448,0,480,224,296,450,450,72,36,28,420,1884,4608
measured_multitone,100000000000,7,1152,0,0,0,1152,0,128,9,9,36,18,0,0,90,4608
measured_multitone,100000000000,8,1152,0,0,0,1152,0,88,9,9,18,9,0,0,54,4608
measured_multitone,1000000000000,1,1152,1109,1118,1075,0,1109,1118,1118,1118,1152,1152,1118,0,4540,4608
measured_multitone,1000000000000,2,1152,1066,1084,998,0,1066,1084,1084,1084,1152,576,1084,0,4472,4608
measured_multitone,1000000000000,3,1152,980,1016,952,108,980,1016,1016,1016,576,288,508,508,4200,4608
measured_multitone,1000000000000,4,1152,952,952,824,72,952,1024,961,961,288,144,238,714,3926,4608
measured_multitone,1000000000000,5,1152,752,896,720,224,752,824,896,896,144,72,112,784,3648,4608
measured_multitone,1000000000000,6,1152,576,864,288,0,576,720,864,864,72,36,54,810,3492,4608
measured_multitone,1000000000000,7,1152,0,576,0,576,0,288,576,576,36,18,18,558,2340,4608
measured_multitone,1000000000000,8,1152,0,0,0,1152,0,576,9,9,18,9,0,0,54,4608
measured_multitone,10000000000000,1,1152,1136,1145,1129,0,1136,1145,1145,1145,1152,1152,1145,0,4594,4608
measured_multitone,10000000000000,2,1152,1120,1138,1106,0,1120,1138,1138,1138,1152,576,1138,0,4580,4608
measured_multitone,10000000000000,3,1152,1088,1124,1088,28,1088,1124,1124,1124,576,288,562,562,4524,4608
measured_multitone,10000000000000,4,1152,1080,1096,1080,56,1080,1152,1103,1103,288,144,274,822,4426,4608
measured_multitone,10000000000000,5,1152,1008,1152,1008,0,1008,1096,1152,1152,144,72,144,1008,4608,4608
measured_multitone,10000000000000,6,1152,864,1152,864,0,864,1040,1152,1152,72,36,72,1080,4608,4608
measured_multitone,10000000000000,7,1152,576,1152,576,0,576,928,1152,1152,36,18,36,1116,4608,4608
measured_multitone,10000000000000,8,1152,0,1152,0,0,0,704,1152,1152,18,9,18,1134,4608,4608
measured_multitone,72057594037927935,1,1152,1143,1152,1143,0,1143,1152,1152,1152,1152,1152,1152,0,4608,4608
measured_multitone,72057594037927935,2,1152,1134,1152,1134,0,1134,1152,1152,1152,1152,576,1152,0,4608,4608
measured_multitone,72057594037927935,3,1152,1116,1152,1116,0,1116,1152,1152,1152,576,288,576,576,4608,4608
measured_multitone,72057594037927935,4,1152,1080,1152,1080,0,1080,1152,1152,1152,288,144,288,864,4608,4608
measured_multitone,72057594037927935,5,1152,1008,1152,1008,0,1008,1152,1152,1152,144,72,144,1008,4608,4608
measured_multitone,72057594037927935,6,1152,864,1152,864,0,864,1152,1152,1152,72,36,72,1080,4608,4608
measured_multitone,72057594037927935,7,1152,576,1152,576,0,576,1152,1152,1152,36,18,36,1116,4608,4608
measured_multitone,72057594037927935,8,1152,0,1152,0,0,0,1152,1152,1152,18,9,18,1134,4608,4608
tonal_two_bin,0,1,1152,7,7,7,1145,84,9,84,9,1152,1152,7,0,2397,4608
tonal_two_bin,0,2,1152,14,7,7,1138,70,18,72,9,1152,576,7,0,2385,4608
tonal_two_bin,0,3,1152,14,7,7,1138,42,36,44,9,576,288,7,0,1205,4608
tonal_two_bin,0,4,1152,14,7,7,1138,28,72,30,9,288,144,7,0,615,4608
tonal_two_bin,0,5,1152,14,7,7,1138,21,96,23,9,144,72,7,0,320,4608
tonal_two_bin,0,6,1152,14,0,0,1138,14,72,9,9,72,36,0,0,162,4608
tonal_two_bin,0,7,1152,0,0,0,1152,7,73,16,9,36,18,0,0,97,4608
tonal_two_bin,0,8,1152,0,0,0,1152,0,72,9,9,18,9,0,0,54,4608
tonal_two_bin,100000000,1,1152,665,665,434,256,686,667,686,667,1152,1152,665,0,3657,4608
tonal_two_bin,100000000,2,1152,434,434,14,298,476,438,478,436,1152,576,434,0,3218,4608
tonal_two_bin,100000000,3,1152,28,7,7,1124,84,36,44,37,576,288,7,0,1261,4608
tonal_two_bin,100000000,4,1152,14,7,7,1138,21,72,23,9,288,144,7,0,608,4608
tonal_two_bin,100000000,5,1152,14,0,0,1138,14,82,9,9,144,72,0,0,306,4608
tonal_two_bin,100000000,6,1152,0,0,0,1152,0,72,9,9,72,36,0,0,162,4608
tonal_two_bin,100000000,7,1152,0,0,0,1152,0,73,9,9,36,18,0,0,90,4608
tonal_two_bin,100000000,8,1152,0,0,0,1152,0,72,9,9,18,9,0,0,54,4608
tonal_two_bin,1000000000,1,1152,840,842,530,0,854,842,856,842,1152,1152,842,0,4002,4608
tonal_two_bin,1000000000,2,1152,528,532,112,204,556,532,560,532,1152,576,532,0,3396,4608
tonal_two_bin,1000000000,3,1152,112,112,28,956,168,120,142,142,576,288,56,56,1576,4608
tonal_two_bin,1000000000,4,1152,56,7,7,1096,63,72,23,9,288,144,7,0,608,4608
tonal_two_bin,1000000000,5,1152,14,0,0,1138,14,76,9,9,144,72,0,0,306,4608
tonal_two_bin,1000000000,6,1152,0,0,0,1152,0,72,9,9,72,36,0,0,162,4608
tonal_two_bin,1000000000,7,1152,0,0,0,1152,0,72,9,9,36,18,0,0,90,4608
tonal_two_bin,1000000000,8,1152,0,0,0,1152,0,74,9,9,18,9,0,0,54,4608
tonal_two_bin,10000000000,1,1152,971,973,792,0,978,973,980,973,1152,1152,973,0,4257,4608
tonal_two_bin,10000000000,2,1152,790,794,452,20,804,794,808,794,1152,576,794,0,3906,4608
tonal_two_bin,10000000000,3,1152,452,452,360,608,480,460,468,468,576,288,226,226,2554,4608
tonal_two_bin,10000000000,4,1152,352,368,280,712,359,368,375,368,288,144,92,276,1871,4608
tonal_two_bin,10000000000,5,1152,336,224,0,592,343,368,240,233,144,72,28,196,1153,4608
tonal_two_bin,10000000000,6,1152,0,0,0,1152,0,72,9,9,72,36,0,0,162,4608
tonal_two_bin,10000000000,7,1152,0,0,0,1152,0,72,9,9,36,18,0,0,90,4608
tonal_two_bin,10000000000,8,1152,0,0,0,1152,0,79,9,9,18,9,0,0,54,4608
tonal_two_bin,100000000000,1,1152,1051,1053,952,0,1051,1053,1053,1053,1152,1152,1053,0,4410,4608
tonal_two_bin,100000000000,2,1152,950,954,752,0,950,954,954,954,1152,576,954,0,4212,4608
tonal_two_bin,100000000000,3,1152,748,756,616,264,748,756,756,756,576,288,378,378,3420,4608
tonal_two_bin,100000000000,4,1152,608,624,504,424,615,624,631,624,288,144,156,468,2767,4608
tonal_two_bin,100000000000,5,1152,560,448,112,256,560,592,457,457,144,72,56,392,1986,4608
tonal_two_bin,100000000000,6,1152,0,224,0,928,0,72,226,226,72,36,14,210,1016,4608
tonal_two_bin,100000000000,7,1152,0,0,0,1152,0,129,9,9,36,18,0,0,90,4608
tonal_two_bin,100000000000,8,1152,0,0,0,1152,0,80,9,9,18,9,0,0,54,4608
tonal_two_bin,1000000000000,1,1152,1088,1090,1026,0,1088,1090,1090,1090,1152,1152,1090,0,4484,4608
tonal_two_bin,1000000000000,2,1152,1024,1028,900,0,1024,1028,1028,1028,1152,576,1028,0,4360,4608
tonal_two_bin,1000000000000,3,1152,896,904,736,88,896,904,904,904,576,288,452,452,3864,4608
tonal_two_bin,1000000000000,4,1152,728,744,680,360,728,744,744,744,288,144,186,558,3180,4608
tonal_two_bin,1000000000000,5,1152,736,624,336,128,736,768,633,633,144,72,78,546,2646,4608
tonal_two_bin,1000000000000,6,1152,224,448,0,480,224,296,450,450,72,36,28,420,1884,4608
tonal_two_bin,1000000000000,7,1152,0,0,0,1152,0,130,9,9,36,18,0,0,90,4608
tonal_two_bin,1000000000000,8,1152,0,0,0,1152,0,74,9,9,18,9,0,0,54,4608
tonal_two_bin,10000000000000,1,1152,1116,1118,1082,0,1116,1118,1118,1118,1152,1152,1118,0,4540,4608
tonal_two_bin,10000000000000,2,1152,1080,1084,1012,0,1080,1084,1084,1084,1152,576,1084,0,4472,4608
tonal_two_bin,10000000000000,3,1152,1008,1016,872,0,1008,1016,1016,1016,576,288,508,508,4200,4608
tonal_two_bin,10000000000000,4,1152,864,880,776,184,864,880,880,880,288,144,220,660,3656,4608
tonal_two_bin,10000000000000,5,1152,832,720,432,32,832,864,729,729,144,72,90,630,3006,4608
tonal_two_bin,10000000000000,6,1152,288,576,0,288,288,360,576,576,72,36,36,540,2376,4608
tonal_two_bin,10000000000000,7,1152,0,0,0,1152,0,144,9,9,36,18,0,0,90,4608
tonal_two_bin,10000000000000,8,1152,0,0,0,1152,0,72,9,9,18,9,0,0,54,4608
tonal_two_bin,72057594037927935,1,1152,1150,1152,1150,0,1150,1152,1152,1152,1152,1152,1152,0,4608,4608
tonal_two_bin,72057594037927935,2,1152,1148,1152,1148,0,1148,1152,1152,1152,1152,576,1152,0,4608,4608
tonal_two_bin,72057594037927935,3,1152,1144,1152,1144,0,1144,1152,1152,1152,576,288,576,576,4608,4608
tonal_two_bin,72057594037927935,4,1152,1136,1152,1136,0,1136,1152,1152,1152,288,144,288,864,4608,4608
tonal_two_bin,72057594037927935,5,1152,1120,1152,1120,0,1120,1152,1152,1152,144,72,144,1008,4608,4608
tonal_two_bin,72057594037927935,6,1152,1088,1152,1088,0,1088,1152,1152,1152,72,36,72,1080,4608,4608
tonal_two_bin,72057594037927935,7,1152,1024,1152,1024,0,1024,1152,1152,1152,36,18,36,1116,4608,4608
tonal_two_bin,72057594037927935,8,1152,896,1152,896,0,896,1152,1152,1152,18,9,18,1134,4608,4608
broadband_xorshift,0,1,1152,0,0,0,1152,0,9,0,9,1152,1152,0,0,2313,4608
broadband_xorshift,0,2,1152,0,0,0,1152,0,18,9,9,1152,576,0,0,2322,4608
broadband_xorshift,0,3,1152,0,0,0,1152,0,36,9,9,576,288,0,0,1170,4608
broadband_xorshift,0,4,1152,0,0,0,1152,0,72,9,9,288,144,0,0,594,4608
broadband_xorshift,0,5,1152,0,0,0,1152,0,72,9,9,144,72,0,0,306,4608
broadband_xorshift,0,6,1152,0,0,0,1152,0,72,9,9,72,36,0,0,162,4608
broadband_xorshift,0,7,1152,0,0,0,1152,0,75,9,9,36,18,0,0,90,4608
broadband_xorshift,0,8,1152,0,0,0,1152,0,76,9,9,18,9,0,0,54,4608
broadband_xorshift,100000000,1,1152,0,0,0,1152,0,9,0,9,1152,1152,0,0,2313,4608
broadband_xorshift,100000000,2,1152,0,0,0,1152,0,18,9,9,1152,576,0,0,2322,4608
broadband_xorshift,100000000,3,1152,0,0,0,1152,0,36,9,9,576,288,0,0,1170,4608
broadband_xorshift,100000000,4,1152,0,0,0,1152,0,72,9,9,288,144,0,0,594,4608
broadband_xorshift,100000000,5,1152,0,0,0,1152,0,72,9,9,144,72,0,0,306,4608
broadband_xorshift,100000000,6,1152,0,0,0,1152,0,72,9,9,72,36,0,0,162,4608
broadband_xorshift,100000000,7,1152,0,0,0,1152,0,75,9,9,36,18,0,0,90,4608
broadband_xorshift,100000000,8,1152,0,0,0,1152,0,76,9,9,18,9,0,0,54,4608
broadband_xorshift,1000000000,1,1152,1,1,0,1150,1,10,1,10,1152,1152,1,0,2315,4608
broadband_xorshift,1000000000,2,1152,0,0,0,1152,0,18,9,9,1152,576,0,0,2322,4608
broadband_xorshift,1000000000,3,1152,0,0,0,1152,0,36,9,9,576,288,0,0,1170,4608
broadband_xorshift,1000000000,4,1152,0,0,0,1152,0,72,9,9,288,144,0,0,594,4608
broadband_xorshift,1000000000,5,1152,0,0,0,1152,0,72,9,9,144,72,0,0,306,4608
broadband_xorshift,1000000000,6,1152,0,0,0,1152,0,72,9,9,72,36,0,0,162,4608
broadband_xorshift,1000000000,7,1152,0,0,0,1152,0,75,9,9,36,18,0,0,90,4608
broadband_xorshift,1000000000,8,1152,0,0,0,1152,0,76,9,9,18,9,0,0,54,4608
broadband_xorshift,10000000000,1,1152,12,12,0,1128,12,21,12,21,1152,1152,12,0,2337,4608
broadband_xorshift,10000000000,2,1152,0,0,0,1152,0,18,9,9,1152,576,0,0,2322,4608
broadband_xorshift,10000000000,3,1152,0,0,0,1152,0,36,9,9,576,288,0,0,1170,4608
broadband_xorshift,10000000000,4,1152,0,0,0,1152,0,72,9,9,288,144,0,0,594,4608
broadband_xorshift,10000000000,5,1152,0,0,0,1152,0,72,9,9,144,72,0,0,306,4608
broadband_xorshift,10000000000,6,1152,0,0,0,1152,0,72,9,9,72,36,0,0,162,4608
broadband_xorshift,10000000000,7,1152,0,0,0,1152,0,75,9,9,36,18,0,0,90,4608
broadband_xorshift,10000000000,8,1152,0,0,0,1152,0,76,9,9,18,9,0,0,54,4608
broadband_xorshift,100000000000,1,1152,90,91,15,986,90,99,91,99,1152,1152,91,0,2494,4608
broadband_xorshift,100000000000,2,1152,12,18,0,1122,12,30,24,24,1152,576,18,0,2352,4608
broadband_xorshift,100000000000,3,1152,0,0,0,1152,0,36,9,9,576,288,0,0,1170,4608
broadband_xorshift,100000000000,4,1152,0,0,0,1152,0,72,9,9,288,144,0,0,594,4608
broadband_xorshift,100000000000,5,1152,0,0,0,1152,0,72,9,9,144,72,0,0,306,4608
broadband_xorshift,100000000000,6,1152,0,0,0,1152,0,73,9,9,72,36,0,0,162,4608
broadband_xorshift,100000000000,7,1152,0,0,0,1152,0,74,9,9,36,18,0,0,90,4608
broadband_xorshift,100000000000,8,1152,0,0,0,1152,0,76,9,9,18,9,0,0,54,4608
broadband_xorshift,1000000000000,1,1152,662,667,393,216,662,671,667,671,1152,1152,667,0,3642,4608
broadband_xorshift,1000000000000,2,1152,386,400,172,538,386,404,402,402,1152,576,400,0,3108,4608
broadband_xorshift,1000000000000,3,1152,164,180,20,828,164,200,185,185,576,288,90,90,1702,4608
broadband_xorshift,1000000000000,4,1152,16,24,0,1112,16,88,32,32,288,144,6,18,676,4608
broadband_xorshift,1000000000000,5,1152,0,0,0,1152,0,82,9,9,144,72,0,0,306,4608
broadband_xorshift,1000000000000,6,1152,0,0,0,1152,0,74,9,9,72,36,0,0,162,4608
broadband_xorshift,1000000000000,7,1152,0,0,0,1152,0,74,9,9,36,18,0,0,90,4608
broadband_xorshift,1000000000000,8,1152,0,0,0,1152,0,75,9,9,18,9,0,0,54,4608
broadband_xorshift,10000000000000,1,1152,1143,1152,1143,0,1143,1152,1152,1152,1152,1152,1152,0,4608,4608
broadband_xorshift,10000000000000,2,1152,1134,1152,1134,0,1134,1152,1152,1152,1152,576,1152,0,4608,4608
broadband_xorshift,10000000000000,3,1152,1116,1152,1116,0,1116,1152,1152,1152,576,288,576,576,4608,4608
broadband_xorshift,10000000000000,4,1152,1080,1152,1080,0,1080,1152,1152,1152,288,144,288,864,4608,4608
broadband_xorshift,10000000000000,5,1152,1008,1152,1008,0,1008,1152,1152,1152,144,72,144,1008,4608,4608
broadband_xorshift,10000000000000,6,1152,864,1152,864,0,864,1152,1152,1152,72,36,72,1080,4608,4608
broadband_xorshift,10000000000000,7,1152,576,1152,576,0,576,1152,1152,1152,36,18,36,1116,4608,4608
broadband_xorshift,10000000000000,8,1152,0,1152,0,0,0,1152,1152,1152,18,9,18,1134,4608,4608
broadband_xorshift,72057594037927935,1,1152,1143,1152,1143,0,1143,1152,1152,1152,1152,1152,1152,0,4608,4608
broadband_xorshift,72057594037927935,2,1152,1134,1152,1134,0,1134,1152,1152,1152,1152,576,1152,0,4608,4608
broadband_xorshift,72057594037927935,3,1152,1116,1152,1116,0,1116,1152,1152,1152,576,288,576,576,4608,4608
broadband_xorshift,72057594037927935,4,1152,1080,1152,1080,0,1080,1152,1152,1152,288,144,288,864,4608,4608
broadband_xorshift,72057594037927935,5,1152,1008,1152,1008,0,1008,1152,1152,1152,144,72,144,1008,4608,4608
broadband_xorshift,72057594037927935,6,1152,864,1152,864,0,864,1152,1152,1152,72,36,72,1080,4608,4608
broadband_xorshift,72057594037927935,7,1152,576,1152,576,0,576,1152,1152,1152,36,18,36,1116,4608,4608
broadband_xorshift,72057594037927935,8,1152,0,1152,0,0,0,1152,1152,1152,18,9,18,1134,4608,4608
transient_bipolar,0,1,1152,128,128,128,1024,140,142,140,142,1152,1152,128,0,2586,4608
transient_bipolar,0,2,1152,512,512,512,640,516,524,522,518,1152,576,512,0,3344,4608
transient_bipolar,0,3,1152,704,704,704,448,706,718,708,708,576,288,384,320,3208,4608
transient_bipolar,0,4,1152,738,737,737,414,744,765,747,744,288,144,192,545,3168,4608
transient_bipolar,0,5,1152,753,754,753,398,759,795,759,759,144,72,112,642,3096,4608
transient_bipolar,0,6,1152,756,753,752,395,761,787,764,762,72,36,56,697,3079,4608
transient_bipolar,0,7,1152,752,755,752,397,755,786,763,760,36,18,29,726,3057,4608
transient_bipolar,0,8,1152,753,753,752,398,754,793,764,761,18,9,14,739,3054,4608
transient_bipolar,100000000,1,1152,525,530,521,618,531,536,536,536,1152,1152,530,0,3376,4608
transient_bipolar,100000000,2,1152,708,718,706,432,710,722,722,720,1152,576,718,0,3746,4608
transient_bipolar,100000000,3,1152,792,812,792,340,793,815,813,813,576,288,422,390,3558,4608
transient_bipolar,100000000,4,1152,792,824,792,328,792,837,826,825,288,144,210,614,3455,4608
transient_bipolar,100000000,5,1152,776,824,776,328,776,857,826,826,144,72,112,712,3364,4608
transient_bipolar,100000000,6,1152,728,824,728,328,729,842,830,826,72,36,56,768,3339,4608
transient_bipolar,100000000,7,1152,632,825,632,327,633,842,828,828,36,18,29,796,3323,4608
transient_bipolar,100000000,8,1152,440,825,440,327,440,848,828,827,18,9,14,811,3314,4608
transient_bipolar,1000000000,1,1152,562,567,543,566,568,573,573,573,1152,1152,567,0,3450,4608
transient_bipolar,1000000000,2,1152,730,740,714,396,732,744,744,742,1152,576,740,0,3790,4608
transient_bipolar,1000000000,3,1152,800,820,796,328,801,823,821,821,576,288,426,394,3582,4608
transient_bipolar,1000000000,4,1152,792,832,792,320,792,837,833,832,288,144,212,620,3481,4608
transient_bipolar,1000000000,5,1152,776,824,776,328,776,857,826,826,144,72,112,712,3364,4608
transient_bipolar,1000000000,6,1152,728,824,728,328,729,842,830,826,72,36,56,768,3339,4608
transient_bipolar,1000000000,7,1152,632,825,632,327,633,842,828,826,36,18,29,796,3319,4608
transient_bipolar,1000000000,8,1152,440,824,440,328,440,846,826,826,18,9,14,810,3308,4608
transient_bipolar,10000000000,1,1152,776,782,736,330,778,784,784,784,1152,1152,782,0,3872,4608
transient_bipolar,10000000000,2,1152,858,870,808,232,858,872,872,870,1152,576,870,0,4046,4608
transient_bipolar,10000000000,3,1152,860,884,840,248,860,886,884,884,576,288,474,410,3740,4608
transient_bipolar,10000000000,4,1152,816,864,800,272,816,868,864,864,288,144,232,632,3568,4608
transient_bipolar,10000000000,5,1152,768,832,768,320,768,864,834,834,144,72,112,720,3396,4608
transient_bipolar,10000000000,6,1152,704,832,704,320,704,848,837,834,72,36,56,776,3370,4608
transient_bipolar,10000000000,7,1152,576,832,576,320,577,851,835,834,36,18,28,804,3350,4608
transient_bipolar,10000000000,8,1152,320,832,320,320,320,853,834,834,18,9,14,818,3340,4608
transient_bipolar,100000000000,1,1152,1097,1105,1052,2,1097,1105,1105,1105,1152,1152,1105,0,4514,4608
transient_bipolar,100000000000,2,1152,1044,1060,1000,48,1044,1060,1060,1060,1152,576,1060,0,4424,4608
transient_bipolar,100000000000,3,1152,984,1016,928,80,984,1016,1016,1016,576,288,508,508,4200,4608
transient_bipolar,100000000000,4,1152,896,960,848,144,896,960,960,960,288,144,240,720,3936,4608
transient_bipolar,100000000000,5,1152,800,896,800,256,800,928,898,898,144,72,112,784,3652,4608
transient_bipolar,100000000000,6,1152,704,896,704,256,704,914,898,898,72,36,56,840,3620,4608
transient_bipolar,100000000000,7,1152,512,896,512,256,512,913,898,898,36,18,28,868,3604,4608
transient_bipolar,100000000000,8,1152,128,896,128,256,128,918,898,898,18,9,14,882,3596,4608
transient_bipolar,1000000000000,1,1152,1134,1142,1124,0,1134,1142,1142,1142,1152,1152,1142,0,4588,4608
transient_bipolar,1000000000000,2,1152,1116,1132,1096,0,1116,1132,1132,1132,1152,576,1132,0,4568,4608
transient_bipolar,1000000000000,3,1152,1080,1112,1040,0,1080,1112,1112,1112,576,288,556,556,4488,4608
transient_bipolar,1000000000000,4,1152,1008,1072,984,56,1008,1072,1072,1072,288,144,268,804,4328,4608
transient_bipolar,1000000000000,5,1152,928,1040,912,96,928,1056,1041,1041,144,72,130,910,4190,4608
transient_bipolar,1000000000000,6,1152,800,1024,800,128,800,1032,1025,1025,72,36,64,960,4114,4608
transient_bipolar,1000000000000,7,1152,576,1024,576,128,576,1032,1025,1025,36,18,32,992,4106,4608
transient_bipolar,1000000000000,8,1152,128,1024,128,128,128,1035,1025,1025,18,9,16,1008,4102,4608
transient_bipolar,10000000000000,1,1152,1144,1152,1144,0,1144,1152,1152,1152,1152,1152,1152,0,4608,4608
transient_bipolar,10000000000000,2,1152,1136,1152,1136,0,1136,1152,1152,1152,1152,576,1152,0,4608,4608
transient_bipolar,10000000000000,3,1152,1120,1152,1120,0,1120,1152,1152,1152,576,288,576,576,4608,4608
transient_bipolar,10000000000000,4,1152,1088,1152,1088,0,1088,1152,1152,1152,288,144,288,864,4608,4608
transient_bipolar,10000000000000,5,1152,1024,1152,1024,0,1024,1152,1152,1152,144,72,144,1008,4608,4608
transient_bipolar,10000000000000,6,1152,896,1152,896,0,896,1152,1152,1152,72,36,72,1080,4608,4608
transient_bipolar,10000000000000,7,1152,640,1152,640,0,640,1152,1152,1152,36,18,36,1116,4608,4608
transient_bipolar,10000000000000,8,1152,128,1152,128,0,128,1152,1152,1152,18,9,18,1134,4608,4608
transient_bipolar,72057594037927935,1,1152,1144,1152,1144,0,1144,1152,1152,1152,1152,1152,1152,0,4608,4608
transient_bipolar,72057594037927935,2,1152,1136,1152,1136,0,1136,1152,1152,1152,1152,576,1152,0,4608,4608
transient_bipolar,72057594037927935,3,1152,1120,1152,1120,0,1120,1152,1152,1152,576,288,576,576,4608,4608
transient_bipolar,72057594037927935,4,1152,1088,1152,1088,0,1088,1152,1152,1152,288,144,288,864,4608,4608
transient_bipolar,72057594037927935,5,1152,1024,1152,1024,0,1024,1152,1152,1152,144,72,144,1008,4608,4608
transient_bipolar,72057594037927935,6,1152,896,1152,896,0,896,1152,1152,1152,72,36,72,1080,4608,4608
transient_bipolar,72057594037927935,7,1152,640,1152,640,0,640,1152,1152,1152,36,18,36,1116,4608,4608
transient_bipolar,72057594037927935,8,1152,128,1152,128,0,128,1152,1152,1152,18,9,18,1134,4608,4608
zero_control,0,1,1152,1152,1152,1152,0,1152,1152,1152,1152,1152,1152,1152,0,4608,4608
zero_control,0,2,1152,1152,1152,1152,0,1152,1152,1152,1152,1152,576,1152,0,4608,4608
zero_control,0,3,1152,1152,1152,1152,0,1152,1152,1152,1152,576,288,576,576,4608,4608
zero_control,0,4,1152,1152,1152,1152,0,1152,1152,1152,1152,288,144,288,864,4608,4608
zero_control,0,5,1152,1152,1152,1152,0,1152,1152,1152,1152,144,72,144,1008,4608,4608
zero_control,0,6,1152,1152,1152,1152,0,1152,1152,1152,1152,72,36,72,1080,4608,4608
zero_control,0,7,1152,1152,1152,1152,0,1152,1152,1152,1152,36,18,36,1116,4608,4608
zero_control,0,8,1152,1152,1152,1152,0,1152,1152,1152,1152,18,9,18,1134,4608,4608
zero_control,100000000,1,1152,1152,1152,1152,0,1152,1152,1152,1152,1152,1152,1152,0,4608,4608
zero_control,100000000,2,1152,1152,1152,1152,0,1152,1152,1152,1152,1152,576,1152,0,4608,4608
zero_control,100000000,3,1152,1152,1152,1152,0,1152,1152,1152,1152,576,288,576,576,4608,4608
zero_control,100000000,4,1152,1152,1152,1152,0,1152,1152,1152,1152,288,144,288,864,4608,4608
zero_control,100000000,5,1152,1152,1152,1152,0,1152,1152,1152,1152,144,72,144,1008,4608,4608
zero_control,100000000,6,1152,1152,1152,1152,0,1152,1152,1152,1152,72,36,72,1080,4608,4608
zero_control,100000000,7,1152,1152,1152,1152,0,1152,1152,1152,1152,36,18,36,1116,4608,4608
zero_control,100000000,8,1152,1152,1152,1152,0,1152,1152,1152,1152,18,9,18,1134,4608,4608
zero_control,1000000000,1,1152,1152,1152,1152,0,1152,1152,1152,1152,1152,1152,1152,0,4608,4608
zero_control,1000000000,2,1152,1152,1152,1152,0,1152,1152,1152,1152,1152,576,1152,0,4608,4608
zero_control,1000000000,3,1152,1152,1152,1152,0,1152,1152,1152,1152,576,288,576,576,4608,4608
zero_control,1000000000,4,1152,1152,1152,1152,0,1152,1152,1152,1152,288,144,288,864,4608,4608
zero_control,1000000000,5,1152,1152,1152,1152,0,1152,1152,1152,1152,144,72,144,1008,4608,4608
zero_control,1000000000,6,1152,1152,1152,1152,0,1152,1152,1152,1152,72,36,72,1080,4608,4608
zero_control,1000000000,7,1152,1152,1152,1152,0,1152,1152,1152,1152,36,18,36,1116,4608,4608
zero_control,1000000000,8,1152,1152,1152,1152,0,1152,1152,1152,1152,18,9,18,1134,4608,4608
zero_control,10000000000,1,1152,1152,1152,1152,0,1152,1152,1152,1152,1152,1152,1152,0,4608,4608
zero_control,10000000000,2,1152,1152,1152,1152,0,1152,1152,1152,1152,1152,576,1152,0,4608,4608
zero_control,10000000000,3,1152,1152,1152,1152,0,1152,1152,1152,1152,576,288,576,576,4608,4608
zero_control,10000000000,4,1152,1152,1152,1152,0,1152,1152,1152,1152,288,144,288,864,4608,4608
zero_control,10000000000,5,1152,1152,1152,1152,0,1152,1152,1152,1152,144,72,144,1008,4608,4608
zero_control,10000000000,6,1152,1152,1152,1152,0,1152,1152,1152,1152,72,36,72,1080,4608,4608
zero_control,10000000000,7,1152,1152,1152,1152,0,1152,1152,1152,1152,36,18,36,1116,4608,4608
zero_control,10000000000,8,1152,1152,1152,1152,0,1152,1152,1152,1152,18,9,18,1134,4608,4608
zero_control,100000000000,1,1152,1152,1152,1152,0,1152,1152,1152,1152,1152,1152,1152,0,4608,4608
zero_control,100000000000,2,1152,1152,1152,1152,0,1152,1152,1152,1152,1152,576,1152,0,4608,4608
zero_control,100000000000,3,1152,1152,1152,1152,0,1152,1152,1152,1152,576,288,576,576,4608,4608
zero_control,100000000000,4,1152,1152,1152,1152,0,1152,1152,1152,1152,288,144,288,864,4608,4608
zero_control,100000000000,5,1152,1152,1152,1152,0,1152,1152,1152,1152,144,72,144,1008,4608,4608
zero_control,100000000000,6,1152,1152,1152,1152,0,1152,1152,1152,1152,72,36,72,1080,4608,4608
zero_control,100000000000,7,1152,1152,1152,1152,0,1152,1152,1152,1152,36,18,36,1116,4608,4608
zero_control,100000000000,8,1152,1152,1152,1152,0,1152,1152,1152,1152,18,9,18,1134,4608,4608
zero_control,1000000000000,1,1152,1152,1152,1152,0,1152,1152,1152,1152,1152,1152,1152,0,4608,4608
zero_control,1000000000000,2,1152,1152,1152,1152,0,1152,1152,1152,1152,1152,576,1152,0,4608,4608
zero_control,1000000000000,3,1152,1152,1152,1152,0,1152,1152,1152,1152,576,288,576,576,4608,4608
zero_control,1000000000000,4,1152,1152,1152,1152,0,1152,1152,1152,1152,288,144,288,864,4608,4608
zero_control,1000000000000,5,1152,1152,1152,1152,0,1152,1152,1152,1152,144,72,144,1008,4608,4608
zero_control,1000000000000,6,1152,1152,1152,1152,0,1152,1152,1152,1152,72,36,72,1080,4608,4608
zero_control,1000000000000,7,1152,1152,1152,1152,0,1152,1152,1152,1152,36,18,36,1116,4608,4608
zero_control,1000000000000,8,1152,1152,1152,1152,0,1152,1152,1152,1152,18,9,18,1134,4608,4608
zero_control,10000000000000,1,1152,1152,1152,1152,0,1152,1152,1152,1152,1152,1152,1152,0,4608,4608
zero_control,10000000000000,2,1152,1152,1152,1152,0,1152,1152,1152,1152,1152,576,1152,0,4608,4608
zero_control,10000000000000,3,1152,1152,1152,1152,0,1152,1152,1152,1152,576,288,576,576,4608,4608
zero_control,10000000000000,4,1152,1152,1152,1152,0,1152,1152,1152,1152,288,144,288,864,4608,4608
zero_control,10000000000000,5,1152,1152,1152,1152,0,1152,1152,1152,1152,144,72,144,1008,4608,4608
zero_control,10000000000000,6,1152,1152,1152,1152,0,1152,1152,1152,1152,72,36,72,1080,4608,4608
zero_control,10000000000000,7,1152,1152,1152,1152,0,1152,1152,1152,1152,36,18,36,1116,4608,4608
zero_control,10000000000000,8,1152,1152,1152,1152,0,1152,1152,1152,1152,18,9,18,1134,4608,4608
zero_control,72057594037927935,1,1152,1152,1152,1152,0,1152,1152,1152,1152,1152,1152,1152,0,4608,4608
zero_control,72057594037927935,2,1152,1152,1152,1152,0,1152,1152,1152,1152,1152,576,1152,0,4608,4608
zero_control,72057594037927935,3,1152,1152,1152,1152,0,1152,1152,1152,1152,576,288,576,576,4608,4608
zero_control,72057594037927935,4,1152,1152,1152,1152,0,1152,1152,1152,1152,288,144,288,864,4608,4608
zero_control,72057594037927935,5,1152,1152,1152,1152,0,1152,1152,1152,1152,144,72,144,1008,4608,4608
zero_control,72057594037927935,6,1152,1152,1152,1152,0,1152,1152,1152,1152,72,36,72,1080,4608,4608
zero_control,72057594037927935,7,1152,1152,1152,1152,0,1152,1152,1152,1152,36,18,36,1116,4608,4608
zero_control,72057594037927935,8,1152,1152,1152,1152,0,1152,1152,1152,1152,18,9,18,1134,4608,4608
